timestamp,steps,distance millimeters,altitude gain millimeters,data source
2026-04-11T00:00:00Z,2,1000,0,Inspire 3
2026-04-11T00:00:01Z,1,1000,0,Inspire 3
2026-04-11T00:00:02Z,2,1000,0,Inspire 3
2026-04-11T00:00:03Z,2,1010,0,Inspire 3
2026-04-11T00:00:04Z,2,1010,0,Inspire 3
2026-04-11T00:00:05Z,1,1010,0,Inspire 3
2026-04-11T00:00:06Z,2,1010,0,Inspire 3
2026-04-11T00:00:07Z,2,1030,0,Inspire 3
2026-04-11T00:00:08Z,1,1020,0,Inspire 3
2026-04-11T00:00:09Z,2,1020,0,Inspire 3
2026-04-11T00:00:10Z,2,1020,0,Inspire 3
2026-04-11T00:00:11Z,2,1030,0,Inspire 3
2026-04-11T00:00:12Z,1,1020,0,Inspire 3
2026-04-11T00:00:13Z,2,1040,0,Inspire 3
2026-04-11T00:00:14Z,1,1030,0,Inspire 3
2026-04-11T00:00:15Z,2,1030,0,Inspire 3
2026-04-11T00:00:16Z,2,1020,0,Inspire 3
2026-04-11T00:00:17Z,2,1030,0,Inspire 3
2026-04-11T00:00:18Z,2,1040,0,Inspire 3
2026-04-11T00:00:19Z,1,1040,0,Inspire 3
2026-04-11T00:00:20Z,2,1050,0,Inspire 3
2026-04-11T00:00:21Z,1,1040,0,Inspire 3
2026-04-11T00:00:22Z,2,1040,0,Inspire 3
2026-04-11T00:00:23Z,2,1040,0,Inspire 3
2026-04-11T00:00:24Z,1,1030,0,Inspire 3
2026-04-11T00:00:25Z,2,1040,0,Inspire 3
2026-04-11T00:00:26Z,2,1030,0,Inspire 3
2026-04-11T00:00:27Z,2,1040,0,Inspire 3
2026-04-11T00:00:28Z,1,1040,0,Inspire 3
2026-04-11T00:00:29Z,2,1050,0,Inspire 3
2026-04-11T00:00:30Z,2,1050,0,Inspire 3
2026-04-11T00:00:31Z,2,1050,0,Inspire 3
2026-04-11T00:00:32Z,1,1050,0,Inspire 3
2026-04-11T00:00:33Z,2,1050,0,Inspire 3
2026-04-11T00:00:34Z,2,1060,0,Inspire 3
2026-04-11T00:00:35Z,1,1050,0,Inspire 3
2026-04-11T00:00:36Z,2,1050,0,Inspire 3
2026-04-11T00:00:37Z,1,1050,0,Inspire 3
2026-04-11T00:00:38Z,2,1040,0,Inspire 3
2026-04-11T00:00:39Z,2,1040,0,Inspire 3
2026-04-11T00:00:40Z,2,1050,0,Inspire 3
2026-04-11T00:00:41Z,1,1050,0,Inspire 3
2026-04-11T00:00:42Z,2,1040,0,Inspire 3
2026-04-11T00:00:43Z,2,1060,0,Inspire 3
2026-04-11T00:00:44Z,2,1050,0,Inspire 3
2026-04-11T00:00:45Z,1,1060,0,Inspire 3
2026-04-11T00:00:46Z,2,1050,0,Inspire 3
2026-04-11T00:00:47Z,2,1060,0,Inspire 3
2026-04-11T00:00:48Z,1,1050,0,Inspire 3
2026-04-11T00:00:49Z,3,1060,0,Inspire 3
2026-04-11T00:00:50Z,1,1060,0,Inspire 3
2026-04-11T00:00:51Z,1,1050,0,Inspire 3
2026-04-11T00:00:52Z,2,1060,0,Inspire 3
2026-04-11T00:00:53Z,1,1050,0,Inspire 3
2026-04-11T00:00:54Z,2,1050,0,Inspire 3
2026-04-11T00:00:55Z,2,1040,0,Inspire 3
2026-04-11T00:00:56Z,2,1040,0,Inspire 3
2026-04-11T00:00:57Z,1,1040,0,Inspire 3
2026-04-11T00:00:58Z,2,1050,0,Inspire 3
2026-04-11T00:00:59Z,2,1050,0,Inspire 3
2026-04-11T00:01:00Z,1,1040,0,Inspire 3
2026-04-11T00:01:01Z,2,1050,0,Inspire 3
2026-04-11T00:01:02Z,2,1050,0,Inspire 3
2026-04-11T00:01:03Z,2,1050,0,Inspire 3
2026-04-11T00:01:04Z,1,1040,0,Inspire 3
2026-04-11T00:01:05Z,2,1050,0,Inspire 3
2026-04-11T00:01:06Z,2,1050,0,Inspire 3
2026-04-11T00:01:07Z,1,1050,0,Inspire 3
2026-04-11T00:01:08Z,2,1030,0,Inspire 3
2026-04-11T00:01:09Z,2,1050,0,Inspire 3
2026-04-11T00:01:10Z,2,1050,0,Inspire 3
2026-04-11T00:01:11Z,1,1050,0,Inspire 3
2026-04-11T00:01:12Z,2,1050,0,Inspire 3
2026-04-11T00:01:13Z,1,1050,0,Inspire 3
2026-04-11T00:01:14Z,2,1040,0,Inspire 3
2026-04-11T00:01:15Z,2,1050,0,Inspire 3
2026-04-11T00:01:16Z,2,1050,0,Inspire 3
2026-04-11T00:01:17Z,1,1040,0,Inspire 3
2026-04-11T00:01:18Z,2,1050,0,Inspire 3
2026-04-11T00:01:19Z,2,1060,0,Inspire 3
2026-04-11T00:01:20Z,1,1040,0,Inspire 3
2026-04-11T00:01:21Z,2,1050,0,Inspire 3
2026-04-11T00:01:22Z,2,1050,0,Inspire 3
2026-04-11T00:01:23Z,2,1050,0,Inspire 3
2026-04-11T00:01:24Z,1,1060,0,Inspire 3
2026-04-11T00:01:25Z,2,1050,0,Inspire 3
2026-04-11T00:01:26Z,2,1060,0,Inspire 3
2026-04-11T00:01:27Z,1,1050,0,Inspire 3
2026-04-11T00:01:28Z,2,1050,0,Inspire 3
2026-04-11T00:01:29Z,2,1060,0,Inspire 3
2026-04-11T00:01:30Z,1,1050,0,Inspire 3
2026-04-11T00:01:31Z,2,1050,0,Inspire 3
2026-04-11T00:01:32Z,2,1060,0,Inspire 3
2026-04-11T00:01:33Z,2,1050,0,Inspire 3
2026-04-11T00:01:34Z,2,1060,0,Inspire 3
2026-04-11T00:01:35Z,0,1060,0,Inspire 3
2026-04-11T00:01:36Z,2,1050,0,Inspire 3
2026-04-11T00:01:37Z,2,1050,0,Inspire 3
2026-04-11T00:01:38Z,2,1050,0,Inspire 3
2026-04-11T00:01:39Z,1,1030,0,Inspire 3
2026-04-11T00:01:40Z,2,1050,0,Inspire 3
2026-04-11T00:01:41Z,2,1050,0,Inspire 3
2026-04-11T00:01:42Z,2,1050,0,Inspire 3
2026-04-11T00:01:43Z,1,1040,0,Inspire 3
2026-04-11T00:01:44Z,2,1060,0,Inspire 3
2026-04-11T00:01:45Z,1,1040,0,Inspire 3
2026-04-11T00:01:46Z,3,1060,0,Inspire 3
2026-04-11T00:01:47Z,1,1050,0,Inspire 3
2026-04-11T00:01:48Z,2,1050,0,Inspire 3
2026-04-11T00:01:49Z,2,1050,0,Inspire 3
2026-04-11T00:01:50Z,1,1070,0,Inspire 3
2026-04-11T00:01:51Z,2,1050,0,Inspire 3
2026-04-11T00:01:52Z,2,1060,0,Inspire 3
2026-04-11T00:01:53Z,2,1070,0,Inspire 3
2026-04-11T00:01:54Z,1,1060,0,Inspire 3
2026-04-11T00:01:55Z,2,1060,0,Inspire 3
2026-04-11T00:01:56Z,2,1060,0,Inspire 3
2026-04-11T00:01:57Z,1,1070,0,Inspire 3
2026-04-11T00:01:58Z,3,1060,0,Inspire 3
2026-04-11T00:01:59Z,1,1070,0,Inspire 3
2026-04-11T00:02:00Z,3,1080,0,Inspire 3
2026-04-11T00:02:01Z,1,1080,0,Inspire 3
2026-04-11T00:02:02Z,2,1080,0,Inspire 3
2026-04-11T00:02:03Z,2,1100,0,Inspire 3
2026-04-11T00:02:04Z,1,1090,0,Inspire 3
2026-04-11T00:02:05Z,3,1090,0,Inspire 3
2026-04-11T00:02:06Z,1,1100,0,Inspire 3
2026-04-11T00:02:07Z,2,1090,0,Inspire 3
2026-04-11T00:02:08Z,1,1090,0,Inspire 3
2026-04-11T00:02:09Z,2,1080,0,Inspire 3
2026-04-11T00:02:10Z,1,1080,0,Inspire 3
2026-04-11T00:02:11Z,3,1080,0,Inspire 3
2026-04-11T00:02:12Z,1,1080,0,Inspire 3
2026-04-11T00:02:13Z,2,1080,0,Inspire 3
2026-04-11T00:02:14Z,1,1070,0,Inspire 3
2026-04-11T00:02:15Z,2,1080,0,Inspire 3
2026-04-11T00:02:16Z,2,1070,0,Inspire 3
2026-04-11T00:02:17Z,1,1070,0,Inspire 3
2026-04-11T00:02:18Z,2,1060,0,Inspire 3
2026-04-11T00:02:19Z,2,1070,0,Inspire 3
2026-04-11T00:02:20Z,1,1070,0,Inspire 3
2026-04-11T00:02:21Z,2,1060,0,Inspire 3
2026-04-11T00:02:22Z,2,1060,0,Inspire 3
2026-04-11T00:02:23Z,1,1060,0,Inspire 3
2026-04-11T00:02:24Z,2,1060,0,Inspire 3
2026-04-11T00:02:25Z,2,1060,0,Inspire 3
2026-04-11T00:02:26Z,2,1060,0,Inspire 3
2026-04-11T00:02:27Z,1,1070,0,Inspire 3
2026-04-11T00:02:28Z,2,1060,0,Inspire 3
2026-04-11T00:02:29Z,2,1060,0,Inspire 3
2026-04-11T00:02:30Z,1,1060,0,Inspire 3
2026-04-11T00:02:31Z,2,1070,0,Inspire 3
2026-04-11T00:02:32Z,1,1050,0,Inspire 3
2026-04-11T00:02:33Z,1,1050,0,Inspire 3
2026-04-11T00:02:34Z,4,1050,0,Inspire 3
2026-04-11T00:02:35Z,2,1060,0,Inspire 3
2026-04-11T00:02:36Z,1,1060,0,Inspire 3
2026-04-11T00:02:37Z,2,1070,0,Inspire 3
2026-04-11T00:02:38Z,2,1090,0,Inspire 3
2026-04-11T00:02:39Z,1,1080,0,Inspire 3
2026-04-11T00:02:40Z,2,1080,0,Inspire 3
2026-04-11T00:02:41Z,1,1080,0,Inspire 3
2026-04-11T00:02:42Z,1,1080,0,Inspire 3
2026-04-11T00:02:43Z,2,1070,0,Inspire 3
2026-04-11T00:02:44Z,3,1070,0,Inspire 3
2026-04-11T00:02:45Z,2,1080,0,Inspire 3
2026-04-11T00:02:46Z,1,1080,0,Inspire 3
2026-04-11T00:02:47Z,1,1090,0,Inspire 3
2026-04-11T00:02:48Z,2,1090,0,Inspire 3
2026-04-11T00:02:49Z,0,1070,0,Inspire 3
2026-04-11T00:02:50Z,2,1050,0,Inspire 3
2026-04-11T00:02:51Z,2,1050,0,Inspire 3
2026-04-11T00:02:52Z,1,1040,0,Inspire 3
2026-04-11T00:02:53Z,2,1030,0,Inspire 3
2026-04-11T00:02:54Z,2,1030,0,Inspire 3
2026-04-11T00:02:55Z,2,1040,0,Inspire 3
2026-04-11T00:02:56Z,1,1030,0,Inspire 3
2026-04-11T00:02:57Z,2,1040,0,Inspire 3
2026-04-11T00:02:58Z,2,1050,0,Inspire 3
2026-04-11T00:02:59Z,1,1030,0,Inspire 3
2026-04-11T00:03:00Z,2,1040,0,Inspire 3
2026-04-11T00:03:01Z,2,1040,0,Inspire 3
2026-04-11T00:03:02Z,2,1050,0,Inspire 3
2026-04-11T00:03:03Z,1,1050,0,Inspire 3
2026-04-11T00:03:04Z,2,1040,0,Inspire 3
2026-04-11T00:03:05Z,2,1060,0,Inspire 3
2026-04-11T00:03:06Z,1,1040,0,Inspire 3
2026-04-11T00:03:07Z,2,1050,0,Inspire 3
2026-04-11T00:03:08Z,2,1050,0,Inspire 3
2026-04-11T00:03:09Z,2,1050,0,Inspire 3
2026-04-11T00:03:10Z,1,1050,0,Inspire 3
2026-04-11T00:03:11Z,2,1050,0,Inspire 3
2026-04-11T00:03:12Z,2,1060,0,Inspire 3
2026-04-11T00:03:13Z,1,1050,0,Inspire 3
2026-04-11T00:03:14Z,2,1060,0,Inspire 3
2026-04-11T00:03:15Z,2,1050,0,Inspire 3
2026-04-11T00:03:16Z,2,1060,0,Inspire 3
2026-04-11T00:03:17Z,1,1050,0,Inspire 3
2026-04-11T00:03:18Z,2,1060,0,Inspire 3
2026-04-11T00:03:19Z,1,1050,0,Inspire 3
2026-04-11T00:03:20Z,1,1050,0,Inspire 3
2026-04-11T00:03:21Z,3,1050,0,Inspire 3
2026-04-11T00:03:22Z,1,1030,0,Inspire 3
2026-04-11T00:03:23Z,2,1040,0,Inspire 3
2026-04-11T00:03:24Z,1,1040,0,Inspire 3
2026-04-11T00:03:25Z,2,1040,0,Inspire 3
2026-04-11T00:03:26Z,2,1040,0,Inspire 3
2026-04-11T00:03:27Z,2,1050,0,Inspire 3
2026-04-11T00:03:28Z,1,1040,0,Inspire 3
2026-04-11T00:03:29Z,2,1040,0,Inspire 3
2026-04-11T00:03:30Z,1,1040,0,Inspire 3
2026-04-11T00:03:31Z,1,1030,0,Inspire 3
2026-04-11T00:03:32Z,0,1020,0,Inspire 3
2026-04-11T00:03:33Z,1,990,0,Inspire 3
2026-04-11T00:03:34Z,2,960,0,Inspire 3
2026-04-11T00:03:35Z,1,920,0,Inspire 3
2026-04-11T00:03:36Z,2,900,0,Inspire 3
2026-04-11T00:03:37Z,2,920,0,Inspire 3
2026-04-11T00:03:38Z,2,920,0,Inspire 3
2026-04-11T00:03:39Z,1,930,0,Inspire 3
2026-04-11T00:03:40Z,2,940,0,Inspire 3
2026-04-11T00:03:41Z,2,940,0,Inspire 3
2026-04-11T00:03:42Z,1,950,0,Inspire 3
2026-04-11T00:03:43Z,2,960,0,Inspire 3
2026-04-11T00:03:44Z,2,960,0,Inspire 3
2026-04-11T00:03:45Z,1,960,0,Inspire 3
2026-04-11T00:03:46Z,2,960,0,Inspire 3
2026-04-11T00:03:47Z,2,970,0,Inspire 3
2026-04-11T00:03:48Z,1,980,0,Inspire 3
2026-04-11T00:03:49Z,2,970,0,Inspire 3
2026-04-11T00:03:50Z,2,990,0,Inspire 3
2026-04-11T00:03:51Z,1,980,0,Inspire 3
2026-04-11T00:03:52Z,2,990,0,Inspire 3
2026-04-11T00:03:53Z,1,980,0,Inspire 3
2026-04-11T00:03:54Z,2,980,0,Inspire 3
2026-04-11T00:03:55Z,1,980,0,Inspire 3
2026-04-11T00:03:56Z,2,980,0,Inspire 3
2026-04-11T00:03:57Z,2,970,0,Inspire 3
2026-04-11T00:03:58Z,1,990,0,Inspire 3
2026-04-11T00:03:59Z,2,980,0,Inspire 3
2026-04-11T00:04:00Z,2,1000,0,Inspire 3
2026-04-11T00:04:01Z,2,990,0,Inspire 3
2026-04-11T00:04:02Z,1,990,0,Inspire 3
2026-04-11T00:04:03Z,2,1000,0,Inspire 3
2026-04-11T00:04:04Z,2,1020,0,Inspire 3
2026-04-11T00:04:05Z,2,1020,0,Inspire 3
2026-04-11T00:04:06Z,2,1030,0,Inspire 3
2026-04-11T00:04:07Z,2,1050,0,Inspire 3
2026-04-11T00:04:08Z,1,1050,0,Inspire 3
2026-04-11T00:04:09Z,2,1060,0,Inspire 3
2026-04-11T00:04:10Z,2,1070,0,Inspire 3
2026-04-11T00:04:11Z,1,1060,0,Inspire 3
2026-04-11T00:04:12Z,2,1050,0,Inspire 3
2026-04-11T00:04:13Z,3,1070,0,Inspire 3
2026-04-11T00:04:14Z,2,1090,0,Inspire 3
2026-04-11T00:04:15Z,0,1080,0,Inspire 3
2026-04-11T00:04:16Z,1,1080,0,Inspire 3
2026-04-11T00:04:17Z,0,1060,0,Inspire 3
2026-04-11T00:04:18Z,1,1030,0,Inspire 3
2026-04-11T00:04:19Z,2,1010,0,Inspire 3
2026-04-11T00:04:20Z,1,970,0,Inspire 3
2026-04-11T00:04:21Z,2,950,0,Inspire 3
2026-04-11T00:04:22Z,2,960,0,Inspire 3
2026-04-11T00:04:23Z,2,960,0,Inspire 3
2026-04-11T00:04:24Z,2,980,0,Inspire 3
2026-04-11T00:04:25Z,1,970,0,Inspire 3
2026-04-11T00:04:26Z,2,990,0,Inspire 3
2026-04-11T00:04:27Z,2,990,0,Inspire 3
2026-04-11T00:04:28Z,1,990,0,Inspire 3
2026-04-11T00:04:29Z,1,990,0,Inspire 3
2026-04-11T00:04:30Z,1,970,0,Inspire 3
2026-04-11T00:04:31Z,1,970,0,Inspire 3
2026-04-11T00:04:32Z,1,930,0,Inspire 3
2026-04-11T00:04:33Z,0,920,0,Inspire 3
2026-04-11T00:04:34Z,0,860,0,Inspire 3
2026-04-11T00:04:35Z,2,240,0,Inspire 3
2026-04-11T00:04:36Z,2,0,0,Inspire 3
2026-04-11T00:04:37Z,2,420,0,Inspire 3
2026-04-11T00:04:38Z,1,460,0,Inspire 3
2026-04-11T00:04:39Z,2,660,0,Inspire 3
2026-04-11T00:04:40Z,1,830,0,Inspire 3
2026-04-11T00:04:41Z,2,1040,0,Inspire 3
2026-04-11T00:04:42Z,2,1020,0,Inspire 3
2026-04-11T00:04:43Z,1,1000,0,Inspire 3
2026-04-11T00:04:44Z,2,1000,0,Inspire 3
2026-04-11T00:04:45Z,1,1000,0,Inspire 3
2026-04-11T00:04:46Z,2,1000,0,Inspire 3
2026-04-11T00:04:47Z,2,1000,0,Inspire 3
2026-04-11T00:04:48Z,1,1000,0,Inspire 3
2026-04-11T00:04:49Z,2,1000,0,Inspire 3
2026-04-11T00:04:50Z,2,1070,0,Inspire 3
2026-04-11T00:04:51Z,1,1030,0,Inspire 3
2026-04-11T00:04:52Z,2,1010,0,Inspire 3
2026-04-11T00:04:53Z,1,1000,0,Inspire 3
2026-04-11T00:04:54Z,1,940,0,Inspire 3
2026-04-11T00:04:55Z,4,1030,0,Inspire 3
2026-04-11T00:04:56Z,1,1080,0,Inspire 3
2026-04-11T00:04:57Z,2,1100,0,Inspire 3
2026-04-11T00:04:58Z,2,1170,0,Inspire 3
2026-04-11T00:04:59Z,0,1180,0,Inspire 3
2026-04-11T00:05:00Z,1,1140,0,Inspire 3
2026-04-11T00:05:01Z,2,0,0,Inspire 3
2026-04-11T00:05:02Z,0,0,0,Inspire 3
2026-04-11T00:05:03Z,4,0,0,Inspire 3
2026-04-11T00:05:04Z,1,0,0,Inspire 3
2026-04-11T00:05:05Z,1,0,0,Inspire 3
2026-04-11T00:05:06Z,1,0,0,Inspire 3
2026-04-11T00:05:07Z,2,0,0,Inspire 3
2026-04-11T00:05:08Z,0,0,0,Inspire 3
2026-04-11T00:05:09Z,3,0,0,Inspire 3
2026-04-11T00:05:10Z,0,0,0,Inspire 3
2026-04-11T00:05:11Z,1,0,0,Inspire 3
2026-04-11T00:05:12Z,3,1590,0,Inspire 3
2026-04-11T00:05:13Z,2,490,0,Inspire 3
2026-04-11T00:05:14Z,2,750,0,Inspire 3
2026-04-11T00:05:15Z,2,990,0,Inspire 3
2026-04-11T00:05:16Z,2,1240,0,Inspire 3
2026-04-11T00:05:17Z,0,1120,0,Inspire 3
2026-04-11T00:05:18Z,3,1110,0,Inspire 3
2026-04-11T00:05:19Z,0,1000,0,Inspire 3
2026-04-11T00:05:20Z,1,860,0,Inspire 3
2026-04-11T00:05:21Z,1,750,0,Inspire 3
2026-04-11T00:05:22Z,1,740,0,Inspire 3
2026-04-11T00:05:23Z,0,550,0,Inspire 3
2026-04-11T00:05:24Z,2,590,0,Inspire 3
2026-04-11T00:05:25Z,1,600,0,Inspire 3
2026-04-11T00:05:26Z,0,550,0,Inspire 3
2026-04-11T00:05:27Z,1,520,0,Inspire 3
2026-04-11T00:05:28Z,1,570,0,Inspire 3
2026-04-11T00:05:29Z,1,530,0,Inspire 3
2026-04-11T00:05:30Z,2,580,0,Inspire 3
2026-04-11T00:05:31Z,0,600,0,Inspire 3
2026-04-11T00:05:32Z,2,670,0,Inspire 3
2026-04-11T00:05:33Z,0,650,0,Inspire 3
2026-04-11T00:05:34Z,0,630,0,Inspire 3
2026-04-11T00:05:35Z,0,490,0,Inspire 3
2026-04-11T00:05:36Z,0,0,0,Inspire 3
2026-04-11T00:05:37Z,0,0,0,Inspire 3
2026-04-11T00:05:38Z,0,0,0,Inspire 3
2026-04-11T00:05:39Z,0,0,0,Inspire 3
2026-04-11T00:05:40Z,0,0,0,Inspire 3
2026-04-11T00:05:41Z,0,0,0,Inspire 3
2026-04-11T00:05:42Z,0,0,0,Inspire 3
2026-04-11T00:05:43Z,0,0,0,Inspire 3
2026-04-11T00:05:44Z,0,0,0,Inspire 3
2026-04-11T00:05:45Z,0,0,0,Inspire 3
2026-04-11T00:05:46Z,0,0,0,Inspire 3
2026-04-11T00:05:47Z,0,0,0,Inspire 3
2026-04-11T00:05:48Z,0,0,0,Inspire 3
2026-04-11T00:05:49Z,0,0,0,Inspire 3
2026-04-11T00:05:50Z,0,0,0,Inspire 3
2026-04-11T00:05:51Z,0,0,0,Inspire 3
2026-04-11T00:05:52Z,0,0,0,Inspire 3
2026-04-11T00:05:53Z,0,0,0,Inspire 3
2026-04-11T00:05:54Z,0,0,0,Inspire 3
2026-04-11T00:05:55Z,0,0,0,Inspire 3
2026-04-11T00:05:56Z,0,0,0,Inspire 3
2026-04-11T00:05:57Z,0,0,0,Inspire 3
2026-04-11T00:05:58Z,0,0,0,Inspire 3
2026-04-11T00:05:59Z,0,0,0,Inspire 3
2026-04-11T00:06:00Z,0,0,0,Inspire 3
2026-04-11T00:06:01Z,0,0,0,Inspire 3
2026-04-11T00:06:02Z,2,0,0,Inspire 3
2026-04-11T00:06:03Z,2,0,0,Inspire 3
2026-04-11T00:06:04Z,0,0,0,Inspire 3
2026-04-11T00:06:05Z,0,0,0,Inspire 3
2026-04-11T00:06:06Z,0,0,0,Inspire 3
2026-04-11T00:06:07Z,0,0,0,Inspire 3
2026-04-11T00:06:08Z,0,0,0,Inspire 3
2026-04-11T00:06:09Z,0,0,0,Inspire 3
2026-04-11T00:06:10Z,0,0,0,Inspire 3
2026-04-11T00:06:11Z,0,0,0,Inspire 3
2026-04-11T00:06:12Z,0,0,0,Inspire 3
2026-04-11T00:06:13Z,0,0,0,Inspire 3
2026-04-11T00:06:14Z,0,0,0,Inspire 3
2026-04-11T00:06:15Z,0,0,0,Inspire 3
2026-04-11T00:06:16Z,0,0,0,Inspire 3
2026-04-11T00:06:17Z,0,0,0,Inspire 3
2026-04-11T00:06:18Z,0,0,0,Inspire 3
2026-04-11T00:06:19Z,0,0,0,Inspire 3
2026-04-11T00:06:20Z,0,0,0,Inspire 3
2026-04-11T00:06:21Z,0,0,0,Inspire 3
2026-04-11T00:06:22Z,0,0,0,Inspire 3
2026-04-11T00:06:23Z,0,0,0,Inspire 3
2026-04-11T00:06:24Z,0,0,0,Inspire 3
2026-04-11T00:06:25Z,0,0,0,Inspire 3
2026-04-11T00:06:26Z,0,0,0,Inspire 3
2026-04-11T00:06:27Z,0,0,0,Inspire 3
2026-04-11T00:06:28Z,2,0,0,Inspire 3
2026-04-11T00:06:29Z,2,0,0,Inspire 3
2026-04-11T00:06:30Z,2,240,0,Inspire 3
2026-04-11T00:06:31Z,1,430,0,Inspire 3
2026-04-11T00:06:32Z,2,650,0,Inspire 3
2026-04-11T00:06:33Z,2,880,0,Inspire 3
2026-04-11T00:06:34Z,2,1130,0,Inspire 3
2026-04-11T00:06:35Z,2,1120,0,Inspire 3
2026-04-11T00:06:36Z,2,1190,0,Inspire 3
2026-04-11T00:06:37Z,2,1220,0,Inspire 3
2026-04-11T00:06:38Z,1,1170,0,Inspire 3
2026-04-11T00:06:39Z,2,1150,0,Inspire 3
2026-04-11T00:06:40Z,2,1130,0,Inspire 3
2026-04-11T00:06:41Z,2,1130,0,Inspire 3
2026-04-11T00:06:42Z,2,1120,0,Inspire 3
2026-04-11T00:06:43Z,2,1190,0,Inspire 3
2026-04-11T00:06:44Z,2,1220,0,Inspire 3
2026-04-11T00:06:45Z,1,1170,0,Inspire 3
2026-04-11T00:06:46Z,2,1150,0,Inspire 3
2026-04-11T00:06:47Z,2,1130,0,Inspire 3
2026-04-11T00:06:48Z,2,1130,0,Inspire 3
2026-04-11T00:06:49Z,2,1120,0,Inspire 3
2026-04-11T00:06:50Z,2,1190,0,Inspire 3
2026-04-11T00:06:51Z,1,1150,0,Inspire 3
2026-04-11T00:06:52Z,2,1150,0,Inspire 3
2026-04-11T00:06:53Z,2,1130,0,Inspire 3
2026-04-11T00:06:54Z,1,1130,0,Inspire 3
2026-04-11T00:06:55Z,1,1120,0,Inspire 3
2026-04-11T00:06:56Z,2,1110,0,Inspire 3
2026-04-11T00:06:57Z,1,1100,0,Inspire 3
2026-04-11T00:06:58Z,2,1080,0,Inspire 3
2026-04-11T00:06:59Z,1,1070,0,Inspire 3
2026-04-11T00:07:00Z,1,1040,0,Inspire 3
2026-04-11T00:07:01Z,1,1040,0,Inspire 3
2026-04-11T00:07:02Z,3,1030,0,Inspire 3
2026-04-11T00:07:03Z,2,1020,0,Inspire 3
2026-04-11T00:07:04Z,1,1020,0,Inspire 3
2026-04-11T00:07:05Z,2,1030,0,Inspire 3
2026-04-11T00:07:06Z,1,1030,0,Inspire 3
2026-04-11T00:07:07Z,2,1030,0,Inspire 3
2026-04-11T00:07:08Z,1,1020,0,Inspire 3
2026-04-11T00:07:09Z,1,1020,0,Inspire 3
2026-04-11T00:07:10Z,1,980,0,Inspire 3
2026-04-11T00:07:11Z,2,980,0,Inspire 3
2026-04-11T00:07:12Z,2,970,0,Inspire 3
2026-04-11T00:07:13Z,2,970,0,Inspire 3
2026-04-11T00:07:14Z,1,980,0,Inspire 3
2026-04-11T00:07:15Z,2,990,0,Inspire 3
2026-04-11T00:07:16Z,2,990,0,Inspire 3
2026-04-11T00:07:17Z,2,990,0,Inspire 3
2026-04-11T00:07:18Z,1,990,0,Inspire 3
2026-04-11T00:07:19Z,2,1000,0,Inspire 3
2026-04-11T00:07:20Z,2,1010,0,Inspire 3
2026-04-11T00:07:21Z,2,1020,0,Inspire 3
2026-04-11T00:07:22Z,1,1010,0,Inspire 3
2026-04-11T00:07:23Z,2,1020,0,Inspire 3
2026-04-11T00:07:24Z,2,1020,0,Inspire 3
2026-04-11T00:07:25Z,1,1020,0,Inspire 3
2026-04-11T00:07:26Z,2,1030,0,Inspire 3
2026-04-11T00:07:27Z,1,1010,0,Inspire 3
2026-04-11T00:07:28Z,2,1020,0,Inspire 3
2026-04-11T00:07:29Z,2,1010,0,Inspire 3
2026-04-11T00:07:30Z,1,1020,0,Inspire 3
2026-04-11T00:07:31Z,2,1020,0,Inspire 3
2026-04-11T00:07:32Z,2,1020,0,Inspire 3
2026-04-11T00:07:33Z,1,1010,0,Inspire 3
2026-04-11T00:07:34Z,2,1020,0,Inspire 3
2026-04-11T00:07:35Z,2,1020,0,Inspire 3
2026-04-11T00:07:36Z,2,1030,0,Inspire 3
2026-04-11T00:07:37Z,1,1030,0,Inspire 3
2026-04-11T00:07:38Z,2,1030,0,Inspire 3
2026-04-11T00:07:39Z,2,1040,0,Inspire 3
2026-04-11T00:07:40Z,1,1030,0,Inspire 3
2026-04-11T00:07:41Z,2,1030,0,Inspire 3
2026-04-11T00:07:42Z,2,1040,0,Inspire 3
2026-04-11T00:07:44Z,1,1030,0,Inspire 3
2026-04-11T00:07:45Z,2,1030,0,Inspire 3
2026-04-11T00:07:46Z,2,1040,0,Inspire 3
2026-04-11T00:07:47Z,2,1040,0,Inspire 3
2026-04-11T00:07:48Z,1,1040,0,Inspire 3
2026-04-11T00:07:49Z,2,1040,0,Inspire 3
2026-04-11T00:07:50Z,2,1050,0,Inspire 3
2026-04-11T00:07:51Z,1,1040,0,Inspire 3
2026-04-11T00:07:52Z,2,1040,0,Inspire 3
2026-04-11T00:07:53Z,2,1050,0,Inspire 3
2026-04-11T00:07:54Z,1,1050,0,Inspire 3
2026-04-11T00:07:55Z,2,1030,0,Inspire 3
2026-04-11T00:07:56Z,1,1040,0,Inspire 3
2026-04-11T00:07:57Z,2,1040,0,Inspire 3
2026-04-11T00:07:58Z,2,1030,0,Inspire 3
2026-04-11T00:07:59Z,1,1040,0,Inspire 3
2026-04-11T00:08:00Z,2,1030,0,Inspire 3
2026-04-11T00:08:01Z,1,1030,0,Inspire 3
2026-04-11T00:08:02Z,2,1030,0,Inspire 3
2026-04-11T00:08:03Z,2,1020,0,Inspire 3
2026-04-11T00:08:04Z,1,1030,0,Inspire 3
2026-04-11T00:08:05Z,2,1020,0,Inspire 3
2026-04-11T00:08:06Z,1,1020,0,Inspire 3
2026-04-11T00:08:07Z,2,1030,0,Inspire 3
2026-04-11T00:08:08Z,1,1010,0,Inspire 3
2026-04-11T00:08:09Z,2,1020,0,Inspire 3
2026-04-11T00:08:10Z,2,1010,0,Inspire 3
2026-04-11T00:08:11Z,1,1000,0,Inspire 3
2026-04-11T00:08:12Z,2,1010,0,Inspire 3
2026-04-11T00:08:13Z,2,1020,0,Inspire 3
2026-04-11T00:08:14Z,1,1010,0,Inspire 3
2026-04-11T00:08:15Z,2,1020,0,Inspire 3
2026-04-11T00:08:16Z,2,1010,0,Inspire 3
2026-04-11T00:08:17Z,1,1020,0,Inspire 3
2026-04-11T00:08:18Z,1,1010,0,Inspire 3
2026-04-11T00:08:19Z,2,1000,0,Inspire 3
2026-04-11T00:08:20Z,1,1000,0,Inspire 3
2026-04-11T00:08:21Z,2,1000,0,Inspire 3
2026-04-11T00:08:22Z,1,1000,0,Inspire 3
2026-04-11T00:08:23Z,1,980,0,Inspire 3
2026-04-11T00:08:24Z,0,970,0,Inspire 3
2026-04-11T00:08:25Z,1,920,0,Inspire 3
2026-04-11T00:08:26Z,1,0,0,Inspire 3
2026-04-11T00:08:27Z,0,0,0,Inspire 3
2026-04-11T00:08:28Z,1,0,0,Inspire 3
2026-04-11T00:08:29Z,1,0,0,Inspire 3
2026-04-11T00:08:30Z,1,0,0,Inspire 3
2026-04-11T00:08:31Z,1,0,0,Inspire 3
2026-04-11T00:08:32Z,1,0,0,Inspire 3
2026-04-11T00:08:33Z,2,600,0,Inspire 3
2026-04-11T00:08:34Z,1,430,0,Inspire 3
2026-04-11T00:08:35Z,2,650,0,Inspire 3
2026-04-11T00:08:36Z,1,820,0,Inspire 3
2026-04-11T00:08:37Z,2,1030,0,Inspire 3
2026-04-11T00:08:38Z,1,960,0,Inspire 3
2026-04-11T00:08:39Z,2,970,0,Inspire 3
2026-04-11T00:08:40Z,2,990,0,Inspire 3
2026-04-11T00:08:41Z,1,990,0,Inspire 3
2026-04-11T00:08:42Z,0,870,0,Inspire 3
2026-04-11T00:08:43Z,0,740,0,Inspire 3
2026-04-11T00:08:44Z,0,550,0,Inspire 3
2026-04-11T00:08:45Z,0,120,0,Inspire 3
2026-04-11T00:08:46Z,0,0,0,Inspire 3
2026-04-11T00:08:47Z,0,0,0,Inspire 3
2026-04-11T00:08:48Z,0,0,0,Inspire 3
2026-04-11T00:08:49Z,0,0,0,Inspire 3
2026-04-11T00:08:50Z,0,0,0,Inspire 3
2026-04-11T00:08:51Z,1,0,0,Inspire 3
2026-04-11T00:08:52Z,1,0,0,Inspire 3
2026-04-11T00:08:53Z,1,0,0,Inspire 3
2026-04-11T00:08:54Z,0,0,0,Inspire 3
2026-04-11T00:08:55Z,2,0,0,Inspire 3
2026-04-11T00:08:56Z,0,0,0,Inspire 3
2026-04-11T00:08:57Z,1,0,0,Inspire 3
2026-04-11T00:08:58Z,2,240,0,Inspire 3
2026-04-11T00:08:59Z,0,370,0,Inspire 3
2026-04-11T00:09:00Z,0,430,0,Inspire 3
2026-04-11T00:09:01Z,2,460,0,Inspire 3
2026-04-11T00:09:02Z,2,0,0,Inspire 3
2026-04-11T00:09:03Z,1,0,0,Inspire 3
2026-04-11T00:09:04Z,2,0,0,Inspire 3
2026-04-11T00:09:05Z,0,0,0,Inspire 3
2026-04-11T00:09:06Z,1,0,0,Inspire 3
2026-04-11T00:09:07Z,1,0,0,Inspire 3
2026-04-11T00:09:08Z,0,0,0,Inspire 3
2026-04-11T00:09:09Z,1,0,0,Inspire 3
2026-04-11T00:09:10Z,1,0,0,Inspire 3
2026-04-11T00:09:11Z,0,0,0,Inspire 3
2026-04-11T00:09:12Z,2,0,0,Inspire 3
2026-04-11T00:09:13Z,1,0,0,Inspire 3
2026-04-11T00:09:14Z,2,720,0,Inspire 3
2026-04-11T00:09:15Z,1,430,0,Inspire 3
2026-04-11T00:09:16Z,0,520,0,Inspire 3
2026-04-11T00:09:17Z,1,640,0,Inspire 3
2026-04-11T00:09:18Z,0,680,0,Inspire 3
2026-04-11T00:09:19Z,0,480,0,Inspire 3
2026-04-11T00:09:20Z,0,0,0,Inspire 3
2026-04-11T00:09:21Z,0,0,0,Inspire 3
2026-04-11T00:09:22Z,0,0,0,Inspire 3
2026-04-11T00:09:23Z,0,0,0,Inspire 3
2026-04-11T00:09:24Z,2,0,0,Inspire 3
2026-04-11T00:09:25Z,2,0,0,Inspire 3
2026-04-11T00:09:26Z,0,0,0,Inspire 3
2026-04-11T00:09:27Z,0,0,0,Inspire 3
2026-04-11T00:09:28Z,0,0,0,Inspire 3
2026-04-11T00:09:29Z,0,0,0,Inspire 3
2026-04-11T00:09:30Z,0,0,0,Inspire 3
2026-04-11T00:09:31Z,0,0,0,Inspire 3
2026-04-11T00:09:32Z,0,0,0,Inspire 3
2026-04-11T00:09:33Z,0,0,0,Inspire 3
2026-04-11T00:09:34Z,0,0,0,Inspire 3
2026-04-11T00:09:35Z,0,0,0,Inspire 3
2026-04-11T00:09:36Z,0,0,0,Inspire 3
2026-04-11T00:09:37Z,0,0,0,Inspire 3
2026-04-11T00:09:38Z,0,0,0,Inspire 3
2026-04-11T00:09:39Z,0,0,0,Inspire 3
2026-04-11T00:09:40Z,2,0,0,Inspire 3
2026-04-11T00:09:41Z,1,0,0,Inspire 3
2026-04-11T00:09:42Z,1,0,0,Inspire 3
2026-04-11T00:09:43Z,1,0,0,Inspire 3
2026-04-11T00:09:44Z,2,240,0,Inspire 3
2026-04-11T00:09:45Z,1,430,0,Inspire 3
2026-04-11T00:09:46Z,1,590,0,Inspire 3
2026-04-11T00:09:47Z,2,790,0,Inspire 3
2026-04-11T00:09:48Z,1,950,0,Inspire 3
2026-04-11T00:09:49Z,1,850,0,Inspire 3
2026-04-11T00:09:50Z,1,800,0,Inspire 3
2026-04-11T00:09:51Z,2,830,0,Inspire 3
2026-04-11T00:09:52Z,1,790,0,Inspire 3
2026-04-11T00:09:53Z,1,770,0,Inspire 3
2026-04-11T00:09:54Z,2,820,0,Inspire 3
2026-04-11T00:09:55Z,1,840,0,Inspire 3
2026-04-11T00:09:56Z,1,800,0,Inspire 3
2026-04-11T00:09:57Z,1,770,0,Inspire 3
2026-04-11T00:09:58Z,1,760,0,Inspire 3
2026-04-11T00:09:59Z,1,690,0,Inspire 3
2026-04-11T00:10:00Z,1,650,0,Inspire 3
2026-04-11T00:10:01Z,4,830,0,Inspire 3
2026-04-11T00:10:02Z,0,850,0,Inspire 3
2026-04-11T00:10:03Z,0,800,0,Inspire 3
2026-04-11T00:10:04Z,0,1310,0,Inspire 3
2026-04-11T00:10:05Z,0,0,0,Inspire 3
2026-04-11T00:10:06Z,0,0,0,Inspire 3
2026-04-11T00:10:07Z,0,0,0,Inspire 3
2026-04-11T00:10:08Z,0,0,0,Inspire 3
2026-04-11T00:10:09Z,0,0,0,Inspire 3
2026-04-11T00:10:10Z,0,0,0,Inspire 3
2026-04-11T00:10:11Z,0,0,0,Inspire 3
2026-04-11T00:10:12Z,1,0,0,Inspire 3
2026-04-11T00:10:13Z,1,0,0,Inspire 3
2026-04-11T00:10:14Z,1,0,0,Inspire 3
2026-04-11T00:10:15Z,2,0,0,Inspire 3
2026-04-11T00:10:16Z,1,0,0,Inspire 3
2026-04-11T00:10:17Z,1,0,0,Inspire 3
2026-04-11T00:10:18Z,2,250,0,Inspire 3
2026-04-11T00:10:19Z,0,360,0,Inspire 3
2026-04-11T00:10:20Z,1,490,0,Inspire 3
2026-04-11T00:10:21Z,0,560,0,Inspire 3
2026-04-11T00:10:22Z,0,820,0,Inspire 3
2026-04-11T00:10:23Z,0,0,0,Inspire 3
2026-04-11T00:10:24Z,0,0,0,Inspire 3
2026-04-11T00:10:25Z,0,0,0,Inspire 3
2026-04-11T00:10:26Z,0,0,0,Inspire 3
2026-04-11T00:10:27Z,0,0,0,Inspire 3
2026-04-11T00:10:28Z,0,0,0,Inspire 3
2026-04-11T00:10:29Z,0,0,0,Inspire 3
2026-04-11T00:10:30Z,0,0,0,Inspire 3
2026-04-11T00:10:31Z,0,0,0,Inspire 3
2026-04-11T00:10:32Z,0,0,0,Inspire 3
2026-04-11T00:10:33Z,0,0,0,Inspire 3
2026-04-11T00:10:34Z,0,0,0,Inspire 3
2026-04-11T00:10:35Z,0,0,0,Inspire 3
2026-04-11T00:10:36Z,0,0,0,Inspire 3
2026-04-11T00:10:37Z,0,0,0,Inspire 3
2026-04-11T00:10:38Z,0,0,0,Inspire 3
2026-04-11T00:10:39Z,0,0,0,Inspire 3
2026-04-11T00:10:40Z,0,0,0,Inspire 3
2026-04-11T00:10:41Z,0,0,0,Inspire 3
2026-04-11T00:10:42Z,0,0,0,Inspire 3
2026-04-11T00:10:43Z,0,0,0,Inspire 3
2026-04-11T00:10:44Z,0,0,0,Inspire 3
2026-04-11T00:10:45Z,0,0,0,Inspire 3
2026-04-11T00:10:46Z,0,0,0,Inspire 3
2026-04-11T00:10:47Z,0,0,0,Inspire 3
2026-04-11T00:10:48Z,0,0,0,Inspire 3
2026-04-11T00:10:49Z,0,0,0,Inspire 3
2026-04-11T00:10:50Z,0,0,0,Inspire 3
2026-04-11T00:10:51Z,0,0,0,Inspire 3
2026-04-11T00:10:52Z,0,0,0,Inspire 3
2026-04-11T00:10:53Z,0,0,0,Inspire 3
2026-04-11T00:10:54Z,0,0,0,Inspire 3
2026-04-11T00:10:55Z,0,0,0,Inspire 3
2026-04-11T00:10:56Z,0,0,0,Inspire 3
2026-04-11T00:10:57Z,0,0,0,Inspire 3
2026-04-11T00:10:58Z,0,0,0,Inspire 3
2026-04-11T00:10:59Z,0,0,0,Inspire 3
2026-04-11T00:11:00Z,0,0,0,Inspire 3
2026-04-11T00:11:01Z,0,0,0,Inspire 3
2026-04-11T00:11:02Z,0,0,0,Inspire 3
2026-04-11T00:11:03Z,0,0,0,Inspire 3
2026-04-11T00:11:04Z,2,0,0,Inspire 3
2026-04-11T00:11:05Z,1,0,0,Inspire 3
2026-04-11T00:11:06Z,1,0,0,Inspire 3
2026-04-11T00:11:07Z,0,0,0,Inspire 3
2026-04-11T00:11:08Z,4,0,0,Inspire 3
2026-04-11T00:11:09Z,1,0,0,Inspire 3
2026-04-11T00:11:10Z,1,0,0,Inspire 3
2026-04-11T00:11:11Z,2,0,0,Inspire 3
2026-04-11T00:11:12Z,1,240,0,Inspire 3
2026-04-11T00:11:13Z,1,430,0,Inspire 3
2026-04-11T00:11:14Z,0,530,0,Inspire 3
2026-04-11T00:11:15Z,0,1160,0,Inspire 3
2026-04-11T00:11:16Z,0,0,0,Inspire 3
2026-04-11T00:11:17Z,0,120,0,Inspire 3
2026-04-11T00:11:18Z,0,0,0,Inspire 3
2026-04-11T00:11:19Z,0,0,0,Inspire 3
2026-04-11T00:11:20Z,0,0,0,Inspire 3
2026-04-11T00:11:21Z,0,0,0,Inspire 3
2026-04-11T00:11:22Z,0,0,0,Inspire 3
2026-04-11T00:11:23Z,0,0,0,Inspire 3
2026-04-11T00:11:24Z,0,0,0,Inspire 3
2026-04-11T00:11:25Z,0,0,0,Inspire 3
2026-04-11T00:11:26Z,0,0,0,Inspire 3
2026-04-11T00:11:27Z,0,0,0,Inspire 3
2026-04-11T00:11:28Z,0,0,0,Inspire 3
2026-04-11T00:11:29Z,0,0,0,Inspire 3
2026-04-11T00:11:30Z,2,0,0,Inspire 3
2026-04-11T00:11:31Z,1,0,0,Inspire 3
2026-04-11T00:11:32Z,1,0,0,Inspire 3
2026-04-11T00:11:33Z,1,0,0,Inspire 3
2026-04-11T00:11:34Z,1,0,0,Inspire 3
2026-04-11T00:11:35Z,0,0,0,Inspire 3
2026-04-11T00:11:36Z,1,0,0,Inspire 3
2026-04-11T00:11:37Z,1,0,0,Inspire 3
2026-04-11T00:11:38Z,1,0,0,Inspire 3
2026-04-11T00:11:39Z,2,0,0,Inspire 3
2026-04-11T00:11:40Z,1,240,0,Inspire 3
2026-04-11T00:11:41Z,0,370,0,Inspire 3
2026-04-11T00:11:42Z,1,490,0,Inspire 3
2026-04-11T00:11:43Z,2,680,0,Inspire 3
2026-04-11T00:11:44Z,1,830,0,Inspire 3
2026-04-11T00:11:45Z,1,730,0,Inspire 3
2026-04-11T00:11:46Z,1,730,0,Inspire 3
2026-04-11T00:11:47Z,1,750,0,Inspire 3
2026-04-11T00:11:48Z,1,680,0,Inspire 3
2026-04-11T00:11:49Z,1,640,0,Inspire 3
2026-04-11T00:11:50Z,0,580,0,Inspire 3
2026-04-11T00:11:51Z,1,460,0,Inspire 3
2026-04-11T00:11:52Z,0,0,0,Inspire 3
2026-04-11T00:11:53Z,1,0,0,Inspire 3
2026-04-11T00:11:54Z,1,0,0,Inspire 3
2026-04-11T00:11:55Z,1,0,0,Inspire 3
2026-04-11T00:11:56Z,0,0,0,Inspire 3
2026-04-11T00:11:57Z,2,0,0,Inspire 3
2026-04-11T00:11:58Z,2,610,0,Inspire 3
2026-04-11T00:11:59Z,0,360,0,Inspire 3
2026-04-11T00:12:00Z,0,430,0,Inspire 3
2026-04-11T00:12:01Z,0,460,0,Inspire 3
2026-04-11T00:12:02Z,0,480,0,Inspire 3
2026-04-11T00:12:03Z,0,0,0,Inspire 3
2026-04-11T00:12:04Z,0,0,0,Inspire 3
2026-04-11T00:12:05Z,0,0,0,Inspire 3
2026-04-11T00:12:06Z,0,0,0,Inspire 3
2026-04-11T00:12:07Z,0,0,0,Inspire 3
2026-04-11T00:12:08Z,0,0,0,Inspire 3
2026-04-11T00:12:09Z,0,0,0,Inspire 3
2026-04-11T00:12:10Z,0,0,0,Inspire 3
2026-04-11T00:12:11Z,0,0,0,Inspire 3
2026-04-11T00:12:12Z,0,0,0,Inspire 3
2026-04-11T00:12:13Z,0,0,0,Inspire 3
2026-04-11T00:12:14Z,0,0,0,Inspire 3
2026-04-11T00:12:15Z,0,0,0,Inspire 3
2026-04-11T00:12:16Z,0,0,0,Inspire 3
2026-04-11T00:12:17Z,0,0,0,Inspire 3
2026-04-11T00:12:18Z,0,0,0,Inspire 3
2026-04-11T00:12:19Z,0,0,0,Inspire 3
2026-04-11T00:12:20Z,0,0,0,Inspire 3
2026-04-11T00:12:21Z,0,0,0,Inspire 3
2026-04-11T00:12:22Z,0,0,0,Inspire 3
2026-04-11T00:12:23Z,0,0,0,Inspire 3
2026-04-11T00:12:24Z,0,0,0,Inspire 3
2026-04-11T00:12:25Z,0,0,0,Inspire 3
2026-04-11T00:12:26Z,0,0,0,Inspire 3
2026-04-11T00:12:27Z,0,0,0,Inspire 3
2026-04-11T00:12:28Z,0,0,0,Inspire 3
2026-04-11T00:12:29Z,0,0,0,Inspire 3
2026-04-11T00:12:30Z,0,0,0,Inspire 3
2026-04-11T00:12:31Z,0,0,0,Inspire 3
2026-04-11T00:12:32Z,0,0,0,Inspire 3
2026-04-11T00:12:33Z,0,0,0,Inspire 3
2026-04-11T00:12:34Z,0,0,0,Inspire 3
2026-04-11T00:12:35Z,0,0,0,Inspire 3
2026-04-11T00:12:36Z,0,0,0,Inspire 3
2026-04-11T00:12:37Z,0,0,0,Inspire 3
2026-04-11T00:12:38Z,0,0,0,Inspire 3
2026-04-11T00:12:39Z,0,0,0,Inspire 3
2026-04-11T00:12:40Z,0,0,0,Inspire 3
2026-04-11T00:12:41Z,0,0,0,Inspire 3
2026-04-11T00:12:42Z,0,0,0,Inspire 3
2026-04-11T00:12:43Z,0,0,0,Inspire 3
2026-04-11T00:12:44Z,0,0,0,Inspire 3
2026-04-11T00:12:45Z,0,0,0,Inspire 3
2026-04-11T00:12:46Z,2,0,0,Inspire 3
2026-04-11T00:12:47Z,2,0,0,Inspire 3
2026-04-11T00:12:48Z,0,0,0,Inspire 3
2026-04-11T00:12:49Z,0,0,0,Inspire 3
2026-04-11T00:12:50Z,0,0,0,Inspire 3
2026-04-11T00:12:51Z,0,0,0,Inspire 3
2026-04-11T00:12:52Z,0,0,0,Inspire 3
2026-04-11T00:12:53Z,0,0,0,Inspire 3
2026-04-11T00:12:54Z,0,0,0,Inspire 3
2026-04-11T00:12:55Z,0,0,0,Inspire 3
2026-04-11T00:12:56Z,0,0,0,Inspire 3
2026-04-11T00:12:57Z,0,0,0,Inspire 3
2026-04-11T00:12:58Z,0,0,0,Inspire 3
2026-04-11T00:12:59Z,0,0,0,Inspire 3
2026-04-11T00:13:00Z,0,0,0,Inspire 3
2026-04-11T00:13:01Z,0,0,0,Inspire 3
2026-04-11T00:13:02Z,0,0,0,Inspire 3
2026-04-11T00:13:03Z,0,0,0,Inspire 3
2026-04-11T00:13:04Z,0,0,0,Inspire 3
2026-04-11T00:13:05Z,0,0,0,Inspire 3
2026-04-11T00:13:06Z,0,0,0,Inspire 3
2026-04-11T00:13:07Z,0,0,0,Inspire 3
2026-04-11T00:13:08Z,0,0,0,Inspire 3
2026-04-11T00:13:09Z,0,0,0,Inspire 3
2026-04-11T00:13:10Z,0,0,0,Inspire 3
2026-04-11T00:13:11Z,0,0,0,Inspire 3
2026-04-11T00:13:12Z,0,0,0,Inspire 3
2026-04-11T00:13:13Z,0,0,0,Inspire 3
2026-04-11T00:13:14Z,0,0,0,Inspire 3
2026-04-11T00:13:15Z,0,0,0,Inspire 3
2026-04-11T00:13:16Z,0,0,0,Inspire 3
2026-04-11T00:13:17Z,0,0,0,Inspire 3
2026-04-11T00:13:18Z,0,0,0,Inspire 3
2026-04-11T00:13:19Z,0,0,0,Inspire 3
2026-04-11T00:13:20Z,0,0,0,Inspire 3
2026-04-11T00:13:21Z,0,0,0,Inspire 3
2026-04-11T00:13:22Z,0,0,0,Inspire 3
2026-04-11T00:13:23Z,0,0,0,Inspire 3
2026-04-11T00:13:24Z,0,0,0,Inspire 3
2026-04-11T00:13:25Z,0,0,0,Inspire 3
2026-04-11T00:13:26Z,0,0,0,Inspire 3
2026-04-11T00:13:27Z,0,0,0,Inspire 3
2026-04-11T00:13:28Z,0,0,0,Inspire 3
2026-04-11T00:13:29Z,0,0,0,Inspire 3
2026-04-11T00:13:30Z,0,0,0,Inspire 3
2026-04-11T00:13:31Z,0,0,0,Inspire 3
2026-04-11T00:13:32Z,0,0,0,Inspire 3
2026-04-11T00:13:33Z,0,0,0,Inspire 3
2026-04-11T00:13:34Z,0,0,0,Inspire 3
2026-04-11T00:13:35Z,0,0,0,Inspire 3
2026-04-11T00:13:36Z,0,0,0,Inspire 3
2026-04-11T00:13:37Z,0,0,0,Inspire 3
2026-04-11T00:13:38Z,0,0,0,Inspire 3
2026-04-11T00:13:39Z,0,0,0,Inspire 3
2026-04-11T00:13:40Z,0,0,0,Inspire 3
2026-04-11T00:13:41Z,0,0,0,Inspire 3
2026-04-11T00:13:42Z,1,0,0,Inspire 3
2026-04-11T00:13:43Z,1,0,0,Inspire 3
2026-04-11T00:13:44Z,1,0,0,Inspire 3
2026-04-11T00:13:45Z,2,0,0,Inspire 3
2026-04-11T00:13:46Z,0,0,0,Inspire 3
2026-04-11T00:13:47Z,1,240,0,Inspire 3
2026-04-11T00:13:48Z,1,430,0,Inspire 3
2026-04-11T00:13:49Z,0,530,0,Inspire 3
2026-04-11T00:13:50Z,0,1280,0,Inspire 3
2026-04-11T00:13:51Z,0,0,0,Inspire 3
2026-04-11T00:13:52Z,0,0,0,Inspire 3
2026-04-11T00:13:53Z,0,0,0,Inspire 3
2026-04-11T00:13:54Z,0,0,0,Inspire 3
2026-04-11T00:13:55Z,1,0,0,Inspire 3
2026-04-11T00:13:56Z,0,0,0,Inspire 3
2026-04-11T00:13:57Z,0,0,0,Inspire 3
2026-04-11T00:13:58Z,2,0,0,Inspire 3
2026-04-11T00:13:59Z,1,240,0,Inspire 3
2026-04-11T00:14:00Z,2,490,0,Inspire 3
2026-04-11T00:14:01Z,1,680,0,Inspire 3
2026-04-11T00:14:02Z,1,840,0,Inspire 3
2026-04-11T00:14:03Z,1,970,0,Inspire 3
2026-04-11T00:14:04Z,0,800,0,Inspire 3
2026-04-11T00:14:05Z,0,590,0,Inspire 3
2026-04-11T00:14:06Z,0,360,0,Inspire 3
2026-04-11T00:14:07Z,0,0,0,Inspire 3
2026-04-11T00:14:08Z,0,0,0,Inspire 3
2026-04-11T00:14:09Z,0,0,0,Inspire 3
2026-04-11T00:14:10Z,0,0,0,Inspire 3
2026-04-11T00:14:11Z,0,0,0,Inspire 3
2026-04-11T00:14:12Z,0,0,0,Inspire 3
2026-04-11T00:14:13Z,0,0,0,Inspire 3
2026-04-11T00:14:14Z,0,0,0,Inspire 3
2026-04-11T00:14:15Z,0,0,0,Inspire 3
2026-04-11T00:14:16Z,0,0,0,Inspire 3
2026-04-11T00:14:17Z,0,0,0,Inspire 3
2026-04-11T00:14:18Z,0,0,0,Inspire 3
2026-04-11T00:14:19Z,0,0,0,Inspire 3
2026-04-11T00:14:20Z,0,0,0,Inspire 3
2026-04-11T00:14:21Z,0,0,0,Inspire 3
2026-04-11T00:14:22Z,0,0,0,Inspire 3
2026-04-11T00:14:23Z,0,0,0,Inspire 3
2026-04-11T00:14:24Z,0,0,0,Inspire 3
2026-04-11T00:14:25Z,0,0,0,Inspire 3
2026-04-11T00:14:26Z,2,0,0,Inspire 3
2026-04-11T00:14:27Z,2,0,0,Inspire 3
2026-04-11T00:14:28Z,0,0,0,Inspire 3
2026-04-11T00:14:29Z,0,0,0,Inspire 3
2026-04-11T00:14:30Z,0,0,0,Inspire 3
2026-04-11T00:14:31Z,0,0,0,Inspire 3
2026-04-11T00:14:32Z,0,0,0,Inspire 3
2026-04-11T00:14:33Z,0,0,0,Inspire 3
2026-04-11T00:14:34Z,0,0,0,Inspire 3
2026-04-11T00:14:35Z,0,0,0,Inspire 3
2026-04-11T00:14:36Z,0,0,0,Inspire 3
2026-04-11T00:14:37Z,0,0,0,Inspire 3
2026-04-11T00:14:38Z,0,0,0,Inspire 3
2026-04-11T00:14:39Z,0,0,0,Inspire 3
2026-04-11T00:14:40Z,0,0,0,Inspire 3
2026-04-11T00:14:41Z,0,0,0,Inspire 3
2026-04-11T00:14:42Z,0,0,0,Inspire 3
2026-04-11T00:14:43Z,0,0,0,Inspire 3
2026-04-11T00:14:44Z,0,0,0,Inspire 3
2026-04-11T00:14:45Z,0,0,0,Inspire 3
2026-04-11T00:14:46Z,0,0,0,Inspire 3
2026-04-11T00:14:47Z,0,0,0,Inspire 3
2026-04-11T00:14:48Z,0,0,0,Inspire 3
2026-04-11T00:14:49Z,0,0,0,Inspire 3
2026-04-11T00:14:50Z,0,0,0,Inspire 3
2026-04-11T00:14:51Z,0,0,0,Inspire 3
2026-04-11T00:14:52Z,0,0,0,Inspire 3
2026-04-11T00:14:53Z,0,0,0,Inspire 3
2026-04-11T00:14:54Z,0,0,0,Inspire 3
2026-04-11T00:14:55Z,0,0,0,Inspire 3
2026-04-11T00:14:56Z,0,0,0,Inspire 3
2026-04-11T00:14:57Z,0,0,0,Inspire 3
2026-04-11T00:14:58Z,0,0,0,Inspire 3
2026-04-11T00:14:59Z,0,0,0,Inspire 3
2026-04-11T00:15:00Z,0,0,0,Inspire 3
2026-04-11T00:15:01Z,0,0,0,Inspire 3
2026-04-11T00:15:02Z,0,0,0,Inspire 3
2026-04-11T00:15:03Z,0,0,0,Inspire 3
2026-04-11T00:15:04Z,0,0,0,Inspire 3
2026-04-11T00:15:05Z,0,0,0,Inspire 3
2026-04-11T00:15:06Z,0,0,0,Inspire 3
2026-04-11T00:15:07Z,0,0,0,Inspire 3
2026-04-11T00:15:08Z,0,0,0,Inspire 3
2026-04-11T00:15:09Z,0,0,0,Inspire 3
2026-04-11T00:15:10Z,0,0,0,Inspire 3
2026-04-11T00:15:11Z,0,0,0,Inspire 3
2026-04-11T00:15:12Z,0,0,0,Inspire 3
2026-04-11T00:15:13Z,0,0,0,Inspire 3
2026-04-11T00:15:14Z,0,0,0,Inspire 3
2026-04-11T00:15:15Z,0,0,0,Inspire 3
2026-04-11T00:15:16Z,0,0,0,Inspire 3
2026-04-11T00:15:17Z,0,0,0,Inspire 3
2026-04-11T00:15:18Z,0,0,0,Inspire 3
2026-04-11T00:15:19Z,0,0,0,Inspire 3
2026-04-11T00:15:20Z,0,0,0,Inspire 3
2026-04-11T00:15:21Z,0,0,0,Inspire 3
2026-04-11T00:15:22Z,0,0,0,Inspire 3
2026-04-11T00:15:23Z,0,0,0,Inspire 3
2026-04-11T00:15:24Z,0,0,0,Inspire 3
2026-04-11T00:15:25Z,0,0,0,Inspire 3
2026-04-11T00:15:26Z,0,0,0,Inspire 3
2026-04-11T00:15:27Z,0,0,0,Inspire 3
2026-04-11T00:15:28Z,0,0,0,Inspire 3
2026-04-11T00:15:29Z,0,0,0,Inspire 3
2026-04-11T00:15:30Z,0,0,0,Inspire 3
2026-04-11T00:15:31Z,0,0,0,Inspire 3
2026-04-11T00:15:32Z,0,0,0,Inspire 3
2026-04-11T00:15:33Z,0,0,0,Inspire 3
2026-04-11T00:15:34Z,0,0,0,Inspire 3
2026-04-11T00:15:35Z,0,0,0,Inspire 3
2026-04-11T00:15:36Z,0,0,0,Inspire 3
2026-04-11T00:15:37Z,0,0,0,Inspire 3
2026-04-11T00:15:38Z,0,0,0,Inspire 3
2026-04-11T00:15:39Z,0,0,0,Inspire 3
2026-04-11T00:15:40Z,0,0,0,Inspire 3
2026-04-11T00:15:41Z,0,0,0,Inspire 3
2026-04-11T00:15:42Z,0,0,0,Inspire 3
2026-04-11T00:15:43Z,0,0,0,Inspire 3
2026-04-11T00:15:44Z,0,0,0,Inspire 3
2026-04-11T00:15:45Z,0,0,0,Inspire 3
2026-04-11T00:15:46Z,0,0,0,Inspire 3
2026-04-11T00:15:47Z,0,0,0,Inspire 3
2026-04-11T00:15:48Z,0,0,0,Inspire 3
2026-04-11T00:15:49Z,0,0,0,Inspire 3
2026-04-11T00:15:50Z,0,0,0,Inspire 3
2026-04-11T00:15:51Z,0,0,0,Inspire 3
2026-04-11T00:15:52Z,0,0,0,Inspire 3
2026-04-11T00:15:53Z,0,0,0,Inspire 3
2026-04-11T00:15:54Z,0,0,0,Inspire 3
2026-04-11T00:15:55Z,0,0,0,Inspire 3
2026-04-11T00:15:56Z,0,0,0,Inspire 3
2026-04-11T00:15:57Z,0,0,0,Inspire 3
2026-04-11T00:15:58Z,0,0,0,Inspire 3
2026-04-11T00:15:59Z,0,0,0,Inspire 3
2026-04-11T00:16:00Z,0,0,0,Inspire 3
2026-04-11T00:16:01Z,0,0,0,Inspire 3
2026-04-11T00:16:02Z,0,0,0,Inspire 3
2026-04-11T00:16:03Z,0,0,0,Inspire 3
2026-04-11T00:16:04Z,0,0,0,Inspire 3
2026-04-11T00:16:05Z,0,0,0,Inspire 3
2026-04-11T00:16:06Z,0,0,0,Inspire 3
2026-04-11T00:16:07Z,2,0,0,Inspire 3
2026-04-11T00:16:08Z,2,0,0,Inspire 3
2026-04-11T00:16:09Z,0,0,0,Inspire 3
2026-04-11T00:16:10Z,0,0,0,Inspire 3
2026-04-11T00:16:11Z,0,0,0,Inspire 3
2026-04-11T00:16:12Z,0,0,0,Inspire 3
2026-04-11T00:16:13Z,0,0,0,Inspire 3
2026-04-11T00:16:14Z,0,0,0,Inspire 3
2026-04-11T00:16:15Z,0,0,0,Inspire 3
2026-04-11T00:16:16Z,0,0,0,Inspire 3
2026-04-11T00:16:17Z,0,0,0,Inspire 3
2026-04-11T00:16:18Z,0,0,0,Inspire 3
2026-04-11T00:16:19Z,0,0,0,Inspire 3
2026-04-11T00:16:20Z,0,0,0,Inspire 3
2026-04-11T00:16:21Z,0,0,0,Inspire 3
2026-04-11T00:16:22Z,0,0,0,Inspire 3
2026-04-11T00:16:23Z,0,0,0,Inspire 3
2026-04-11T00:16:24Z,0,0,0,Inspire 3
2026-04-11T00:16:25Z,0,0,0,Inspire 3
2026-04-11T00:16:26Z,0,0,0,Inspire 3
2026-04-11T00:16:27Z,0,0,0,Inspire 3
2026-04-11T00:16:28Z,0,0,0,Inspire 3
2026-04-11T00:16:29Z,0,0,0,Inspire 3
2026-04-11T00:16:30Z,0,0,0,Inspire 3
2026-04-11T00:16:31Z,0,0,0,Inspire 3
2026-04-11T00:16:32Z,0,0,0,Inspire 3
2026-04-11T00:16:33Z,0,0,0,Inspire 3
2026-04-11T00:16:34Z,0,0,0,Inspire 3
2026-04-11T00:16:35Z,1,0,0,Inspire 3
2026-04-11T00:16:36Z,1,0,0,Inspire 3
2026-04-11T00:16:37Z,2,0,0,Inspire 3
2026-04-11T00:16:38Z,1,0,0,Inspire 3
2026-04-11T00:16:39Z,1,0,0,Inspire 3
2026-04-11T00:16:40Z,2,240,0,Inspire 3
2026-04-11T00:16:41Z,1,430,0,Inspire 3
2026-04-11T00:16:42Z,1,580,0,Inspire 3
2026-04-11T00:16:43Z,1,730,0,Inspire 3
2026-04-11T00:16:44Z,1,860,0,Inspire 3
2026-04-11T00:16:45Z,0,680,0,Inspire 3
2026-04-11T00:16:46Z,0,880,0,Inspire 3
2026-04-11T00:16:47Z,0,0,0,Inspire 3
2026-04-11T00:16:48Z,0,0,0,Inspire 3
2026-04-11T00:16:49Z,0,0,0,Inspire 3
2026-04-11T00:16:50Z,0,0,0,Inspire 3
2026-04-11T00:16:51Z,0,0,0,Inspire 3
2026-04-11T00:16:52Z,0,0,0,Inspire 3
2026-04-11T00:16:53Z,0,0,0,Inspire 3
2026-04-11T00:16:54Z,0,0,0,Inspire 3
2026-04-11T00:16:55Z,0,0,0,Inspire 3
2026-04-11T00:16:56Z,0,0,0,Inspire 3
2026-04-11T00:16:57Z,0,0,0,Inspire 3
2026-04-11T00:16:58Z,0,0,0,Inspire 3
2026-04-11T00:16:59Z,0,0,0,Inspire 3
2026-04-11T00:17:00Z,0,0,0,Inspire 3
2026-04-11T00:17:01Z,0,0,0,Inspire 3
2026-04-11T00:17:02Z,0,0,0,Inspire 3
2026-04-11T00:17:03Z,0,0,0,Inspire 3
2026-04-11T00:17:04Z,0,0,0,Inspire 3
2026-04-11T00:17:05Z,0,0,0,Inspire 3
2026-04-11T00:17:06Z,0,0,0,Inspire 3
2026-04-11T00:17:07Z,0,0,0,Inspire 3
2026-04-11T00:17:08Z,0,0,0,Inspire 3
2026-04-11T00:17:09Z,0,0,0,Inspire 3
2026-04-11T00:17:10Z,0,0,0,Inspire 3
2026-04-11T00:17:11Z,0,0,0,Inspire 3
2026-04-11T00:17:12Z,0,0,0,Inspire 3
2026-04-11T00:17:13Z,0,0,0,Inspire 3
2026-04-11T00:17:14Z,0,0,0,Inspire 3
2026-04-11T00:17:15Z,0,0,0,Inspire 3
2026-04-11T00:17:16Z,0,0,0,Inspire 3
2026-04-11T00:17:17Z,0,0,0,Inspire 3
2026-04-11T00:17:18Z,0,0,0,Inspire 3
2026-04-11T00:17:19Z,0,0,0,Inspire 3
2026-04-11T00:17:20Z,0,0,0,Inspire 3
2026-04-11T00:17:21Z,0,0,0,Inspire 3
2026-04-11T00:17:22Z,0,0,0,Inspire 3
2026-04-11T00:17:23Z,0,0,0,Inspire 3
2026-04-11T00:17:24Z,0,0,0,Inspire 3
2026-04-11T00:17:25Z,0,0,0,Inspire 3
2026-04-11T00:17:26Z,0,0,0,Inspire 3
2026-04-11T00:17:27Z,0,0,0,Inspire 3
2026-04-11T00:17:28Z,0,0,0,Inspire 3
2026-04-11T00:17:29Z,0,0,0,Inspire 3
2026-04-11T00:17:30Z,0,0,0,Inspire 3
2026-04-11T00:17:31Z,0,0,0,Inspire 3
2026-04-11T00:17:32Z,0,0,0,Inspire 3
2026-04-11T00:17:33Z,1,0,0,Inspire 3
2026-04-11T00:17:34Z,1,0,0,Inspire 3
2026-04-11T00:17:35Z,1,0,0,Inspire 3
2026-04-11T00:17:36Z,2,0,0,Inspire 3
2026-04-11T00:17:37Z,2,240,0,Inspire 3
2026-04-11T00:17:38Z,1,430,0,Inspire 3
2026-04-11T00:17:39Z,1,590,0,Inspire 3
2026-04-11T00:17:40Z,1,730,0,Inspire 3
2026-04-11T00:17:41Z,1,860,0,Inspire 3
2026-04-11T00:17:42Z,2,800,0,Inspire 3
2026-04-11T00:17:43Z,0,710,0,Inspire 3
2026-04-11T00:17:44Z,0,600,0,Inspire 3
2026-04-11T00:17:45Z,0,490,0,Inspire 3
2026-04-11T00:17:46Z,0,240,0,Inspire 3
2026-04-11T00:17:47Z,0,0,0,Inspire 3
2026-04-11T00:17:48Z,2,0,0,Inspire 3
2026-04-11T00:17:49Z,2,0,0,Inspire 3
2026-04-11T00:17:50Z,0,0,0,Inspire 3
2026-04-11T00:17:51Z,0,0,0,Inspire 3
2026-04-11T00:17:52Z,0,0,0,Inspire 3
2026-04-11T00:17:53Z,0,0,0,Inspire 3
2026-04-11T00:17:54Z,0,0,0,Inspire 3
2026-04-11T00:17:55Z,0,0,0,Inspire 3
2026-04-11T00:17:56Z,0,0,0,Inspire 3
2026-04-11T00:17:57Z,0,0,0,Inspire 3
2026-04-11T00:17:58Z,0,0,0,Inspire 3
2026-04-11T00:17:59Z,0,0,0,Inspire 3
2026-04-11T00:18:00Z,0,0,0,Inspire 3
2026-04-11T00:18:01Z,0,0,0,Inspire 3
2026-04-11T00:18:02Z,0,0,0,Inspire 3
2026-04-11T00:18:03Z,0,0,0,Inspire 3
2026-04-11T00:18:04Z,1,0,0,Inspire 3
2026-04-11T00:18:05Z,1,0,0,Inspire 3
2026-04-11T00:18:06Z,2,0,0,Inspire 3
2026-04-11T00:18:07Z,1,0,0,Inspire 3
2026-04-11T00:18:08Z,1,0,0,Inspire 3
2026-04-11T00:18:09Z,1,240,0,Inspire 3
2026-04-11T00:18:10Z,2,490,0,Inspire 3
2026-04-11T00:18:11Z,0,620,0,Inspire 3
2026-04-11T00:18:12Z,0,680,0,Inspire 3
2026-04-11T00:18:13Z,0,950,0,Inspire 3
2026-04-11T00:18:14Z,0,0,0,Inspire 3
2026-04-11T00:18:15Z,0,0,0,Inspire 3
2026-04-11T00:18:16Z,0,0,0,Inspire 3
2026-04-11T00:18:17Z,0,0,0,Inspire 3
2026-04-11T00:18:18Z,0,0,0,Inspire 3
2026-04-11T00:18:19Z,0,0,0,Inspire 3
2026-04-11T00:18:20Z,0,0,0,Inspire 3
2026-04-11T00:18:21Z,0,0,0,Inspire 3
2026-04-11T00:18:22Z,0,0,0,Inspire 3
2026-04-11T00:18:23Z,0,0,0,Inspire 3
2026-04-11T00:18:24Z,0,0,0,Inspire 3
2026-04-11T00:18:25Z,0,0,0,Inspire 3
2026-04-11T00:18:26Z,0,0,0,Inspire 3
2026-04-11T00:18:27Z,0,0,0,Inspire 3
2026-04-11T00:18:28Z,0,0,0,Inspire 3
2026-04-11T00:18:29Z,0,0,0,Inspire 3
2026-04-11T00:18:30Z,0,0,0,Inspire 3
2026-04-11T00:18:31Z,0,0,0,Inspire 3
2026-04-11T00:18:32Z,0,0,0,Inspire 3
2026-04-11T00:18:33Z,0,0,0,Inspire 3
2026-04-11T00:18:34Z,0,0,0,Inspire 3
2026-04-11T00:18:35Z,0,0,0,Inspire 3
2026-04-11T00:18:36Z,0,0,0,Inspire 3
2026-04-11T00:18:37Z,0,0,0,Inspire 3
2026-04-11T00:18:38Z,0,0,0,Inspire 3
2026-04-11T00:18:39Z,0,0,0,Inspire 3
2026-04-11T00:18:40Z,0,0,0,Inspire 3
2026-04-11T00:18:41Z,0,0,0,Inspire 3
2026-04-11T00:18:42Z,0,0,0,Inspire 3
2026-04-11T00:18:43Z,0,0,0,Inspire 3
2026-04-11T00:18:44Z,0,0,0,Inspire 3
2026-04-11T00:18:45Z,0,0,0,Inspire 3
2026-04-11T00:18:46Z,0,0,0,Inspire 3
2026-04-11T00:18:47Z,0,0,0,Inspire 3
2026-04-11T00:18:48Z,0,0,0,Inspire 3
2026-04-11T00:18:49Z,0,0,0,Inspire 3
2026-04-11T00:18:50Z,0,0,0,Inspire 3
2026-04-11T00:18:51Z,0,0,0,Inspire 3
2026-04-11T00:18:52Z,0,0,0,Inspire 3
2026-04-11T00:18:53Z,0,0,0,Inspire 3
2026-04-11T00:18:54Z,0,0,0,Inspire 3
2026-04-11T00:18:55Z,0,0,0,Inspire 3
2026-04-11T00:18:56Z,0,0,0,Inspire 3
2026-04-11T00:18:57Z,0,0,0,Inspire 3
2026-04-11T00:18:58Z,0,0,0,Inspire 3
2026-04-11T00:18:59Z,0,0,0,Inspire 3
2026-04-11T00:19:00Z,0,0,0,Inspire 3
2026-04-11T00:19:01Z,0,0,0,Inspire 3
2026-04-11T00:19:02Z,0,0,0,Inspire 3
2026-04-11T00:19:03Z,0,0,0,Inspire 3
2026-04-11T00:19:04Z,0,0,0,Inspire 3
2026-04-11T00:19:05Z,1,0,0,Inspire 3
2026-04-11T00:19:06Z,3,0,0,Inspire 3
2026-04-11T00:19:07Z,0,0,0,Inspire 3
2026-04-11T00:19:08Z,3,250,0,Inspire 3
2026-04-11T00:19:09Z,0,360,0,Inspire 3
2026-04-11T00:19:10Z,0,430,0,Inspire 3
2026-04-11T00:19:11Z,0,460,0,Inspire 3
2026-04-11T00:19:12Z,2,480,0,Inspire 3
2026-04-11T00:19:13Z,1,0,0,Inspire 3
2026-04-11T00:19:14Z,1,0,0,Inspire 3
2026-04-11T00:19:15Z,1,0,0,Inspire 3
2026-04-11T00:19:16Z,2,240,0,Inspire 3
2026-04-11T00:19:17Z,2,490,0,Inspire 3
2026-04-11T00:19:18Z,1,680,0,Inspire 3
2026-04-11T00:19:19Z,0,780,0,Inspire 3
2026-04-11T00:19:20Z,0,1530,0,Inspire 3
2026-04-11T00:19:21Z,0,0,0,Inspire 3
2026-04-11T00:19:22Z,0,0,0,Inspire 3
2026-04-11T00:19:23Z,0,0,0,Inspire 3
2026-04-11T00:19:24Z,0,0,0,Inspire 3
2026-04-11T00:19:25Z,0,0,0,Inspire 3
2026-04-11T00:19:26Z,0,0,0,Inspire 3
2026-04-11T00:19:27Z,0,0,0,Inspire 3
2026-04-11T00:19:29Z,0,0,0,Inspire 3
2026-04-11T00:19:30Z,0,0,0,Inspire 3
2026-04-11T00:19:31Z,0,0,0,Inspire 3
2026-04-11T00:19:32Z,0,0,0,Inspire 3
2026-04-11T00:19:33Z,0,0,0,Inspire 3
2026-04-11T00:19:34Z,0,0,0,Inspire 3
2026-04-11T00:19:35Z,0,0,0,Inspire 3
2026-04-11T00:19:36Z,0,0,0,Inspire 3
2026-04-11T00:19:37Z,1,0,0,Inspire 3
2026-04-11T00:19:38Z,1,0,0,Inspire 3
2026-04-11T00:19:39Z,1,0,0,Inspire 3
2026-04-11T00:19:40Z,1,0,0,Inspire 3
2026-04-11T00:19:41Z,1,0,0,Inspire 3
2026-04-11T00:19:42Z,1,0,0,Inspire 3
2026-04-11T00:19:43Z,2,240,0,Inspire 3
2026-04-11T00:19:44Z,1,430,0,Inspire 3
2026-04-11T00:19:45Z,1,590,0,Inspire 3
2026-04-11T00:19:46Z,0,660,0,Inspire 3
2026-04-11T00:19:47Z,0,1060,0,Inspire 3
2026-04-11T00:19:48Z,0,0,0,Inspire 3
2026-04-11T00:19:49Z,0,0,0,Inspire 3
2026-04-11T00:19:50Z,0,0,0,Inspire 3
2026-04-11T00:19:51Z,0,0,0,Inspire 3
2026-04-11T00:19:52Z,0,0,0,Inspire 3
2026-04-11T00:19:53Z,0,0,0,Inspire 3
2026-04-11T00:19:54Z,0,0,0,Inspire 3
2026-04-11T00:19:55Z,0,0,0,Inspire 3
2026-04-11T00:19:56Z,0,0,0,Inspire 3
2026-04-11T00:19:57Z,0,0,0,Inspire 3
2026-04-11T00:19:58Z,0,0,0,Inspire 3
2026-04-11T00:19:59Z,0,0,0,Inspire 3
2026-04-11T00:20:00Z,0,0,0,Inspire 3
2026-04-11T00:20:01Z,0,0,0,Inspire 3
2026-04-11T00:20:02Z,0,0,0,Inspire 3
2026-04-11T00:20:03Z,0,0,0,Inspire 3
2026-04-11T00:20:04Z,0,0,0,Inspire 3
2026-04-11T00:20:05Z,0,0,0,Inspire 3
2026-04-11T00:20:06Z,0,0,0,Inspire 3
2026-04-11T00:20:07Z,0,0,0,Inspire 3
2026-04-11T00:20:08Z,0,0,0,Inspire 3
2026-04-11T00:20:09Z,0,0,0,Inspire 3
2026-04-11T00:20:10Z,0,0,0,Inspire 3
2026-04-11T00:20:11Z,0,0,0,Inspire 3
2026-04-11T00:20:12Z,0,0,0,Inspire 3
2026-04-11T00:20:13Z,0,0,0,Inspire 3
2026-04-11T00:20:14Z,0,0,0,Inspire 3
2026-04-11T00:20:15Z,0,0,0,Inspire 3
2026-04-11T00:20:16Z,0,0,0,Inspire 3
2026-04-11T00:20:17Z,0,0,0,Inspire 3
2026-04-11T00:20:18Z,0,0,0,Inspire 3
2026-04-11T00:20:19Z,0,0,0,Inspire 3
2026-04-11T00:20:20Z,0,0,0,Inspire 3
2026-04-11T00:20:21Z,0,0,0,Inspire 3
2026-04-11T00:20:22Z,0,0,0,Inspire 3
2026-04-11T00:20:23Z,0,0,0,Inspire 3
2026-04-11T00:20:24Z,0,0,0,Inspire 3
2026-04-11T00:20:25Z,0,0,0,Inspire 3
2026-04-11T00:20:26Z,0,0,0,Inspire 3
2026-04-11T00:20:27Z,0,0,0,Inspire 3
2026-04-11T00:20:28Z,0,0,0,Inspire 3
2026-04-11T00:20:29Z,0,0,0,Inspire 3
2026-04-11T00:20:30Z,0,0,0,Inspire 3
2026-04-11T00:20:31Z,0,0,0,Inspire 3
2026-04-11T00:20:32Z,0,0,0,Inspire 3
2026-04-11T00:20:33Z,0,0,0,Inspire 3
2026-04-11T00:20:34Z,0,0,0,Inspire 3
2026-04-11T00:20:35Z,0,0,0,Inspire 3
2026-04-11T00:20:36Z,0,0,0,Inspire 3
2026-04-11T00:20:37Z,0,0,0,Inspire 3
2026-04-11T00:20:38Z,0,0,0,Inspire 3
2026-04-11T00:20:39Z,0,0,0,Inspire 3
2026-04-11T00:20:40Z,0,0,0,Inspire 3
2026-04-11T00:20:41Z,0,0,0,Inspire 3
2026-04-11T00:20:42Z,0,0,0,Inspire 3
2026-04-11T00:20:43Z,0,0,0,Inspire 3
2026-04-11T00:20:44Z,0,0,0,Inspire 3
2026-04-11T00:20:45Z,0,0,0,Inspire 3
2026-04-11T00:20:46Z,0,0,0,Inspire 3
2026-04-11T00:20:47Z,0,0,0,Inspire 3
2026-04-11T00:20:48Z,0,0,0,Inspire 3
2026-04-11T00:20:49Z,0,0,0,Inspire 3
2026-04-11T00:20:50Z,0,0,0,Inspire 3
2026-04-11T00:20:51Z,0,0,0,Inspire 3
2026-04-11T00:20:52Z,0,0,0,Inspire 3
2026-04-11T00:20:53Z,0,0,0,Inspire 3
2026-04-11T00:20:54Z,0,0,0,Inspire 3
2026-04-11T00:20:55Z,0,0,0,Inspire 3
2026-04-11T00:20:56Z,0,0,0,Inspire 3
2026-04-11T00:20:57Z,0,0,0,Inspire 3
2026-04-11T00:20:58Z,0,0,0,Inspire 3
2026-04-11T00:20:59Z,0,0,0,Inspire 3
2026-04-11T00:21:00Z,0,0,0,Inspire 3
2026-04-11T00:21:01Z,0,0,0,Inspire 3
2026-04-11T00:21:02Z,0,0,0,Inspire 3
2026-04-11T00:21:03Z,0,0,0,Inspire 3
2026-04-11T00:21:04Z,0,0,0,Inspire 3
2026-04-11T00:21:05Z,0,0,0,Inspire 3
2026-04-11T00:21:06Z,0,0,0,Inspire 3
2026-04-11T00:21:07Z,0,0,0,Inspire 3
2026-04-11T00:21:08Z,0,0,0,Inspire 3
2026-04-11T00:21:09Z,2,0,0,Inspire 3
2026-04-11T00:21:10Z,2,0,0,Inspire 3
2026-04-11T00:21:11Z,0,0,0,Inspire 3
2026-04-11T00:21:12Z,0,0,0,Inspire 3
2026-04-11T00:21:13Z,0,0,0,Inspire 3
2026-04-11T00:21:14Z,0,0,0,Inspire 3
2026-04-11T00:21:15Z,0,0,0,Inspire 3
2026-04-11T00:21:16Z,0,0,0,Inspire 3
2026-04-11T00:21:17Z,0,0,0,Inspire 3
2026-04-11T00:21:18Z,0,0,0,Inspire 3
2026-04-11T00:21:19Z,0,0,0,Inspire 3
2026-04-11T00:21:20Z,0,0,0,Inspire 3
2026-04-11T00:21:21Z,0,0,0,Inspire 3
2026-04-11T00:21:22Z,0,0,0,Inspire 3
2026-04-11T00:21:23Z,0,0,0,Inspire 3
2026-04-11T00:21:24Z,0,0,0,Inspire 3
2026-04-11T00:21:25Z,0,0,0,Inspire 3
2026-04-11T00:21:26Z,0,0,0,Inspire 3
2026-04-11T00:21:27Z,0,0,0,Inspire 3
2026-04-11T00:21:28Z,0,0,0,Inspire 3
2026-04-11T00:21:29Z,0,0,0,Inspire 3
2026-04-11T00:21:30Z,0,0,0,Inspire 3
2026-04-11T00:21:31Z,0,0,0,Inspire 3
2026-04-11T00:21:32Z,0,0,0,Inspire 3
2026-04-11T00:21:33Z,0,0,0,Inspire 3
2026-04-11T00:21:34Z,0,0,0,Inspire 3
2026-04-11T00:21:35Z,0,0,0,Inspire 3
2026-04-11T00:21:36Z,0,0,0,Inspire 3
2026-04-11T00:21:37Z,0,0,0,Inspire 3
2026-04-11T00:21:38Z,0,0,0,Inspire 3
2026-04-11T00:21:39Z,0,0,0,Inspire 3
2026-04-11T00:21:40Z,0,0,0,Inspire 3
2026-04-11T00:21:41Z,0,0,0,Inspire 3
2026-04-11T00:21:42Z,0,0,0,Inspire 3
2026-04-11T00:21:43Z,0,0,0,Inspire 3
2026-04-11T00:21:44Z,0,0,0,Inspire 3
2026-04-11T00:21:45Z,0,0,0,Inspire 3
2026-04-11T00:21:46Z,0,0,0,Inspire 3
2026-04-11T00:21:47Z,0,0,0,Inspire 3
2026-04-11T00:21:48Z,0,0,0,Inspire 3
2026-04-11T00:21:49Z,0,0,0,Inspire 3
2026-04-11T00:21:50Z,0,0,0,Inspire 3
2026-04-11T00:21:51Z,0,0,0,Inspire 3
2026-04-11T00:21:52Z,0,0,0,Inspire 3
2026-04-11T00:21:53Z,0,0,0,Inspire 3
2026-04-11T00:21:54Z,0,0,0,Inspire 3
2026-04-11T00:21:55Z,0,0,0,Inspire 3
2026-04-11T00:21:56Z,0,0,0,Inspire 3
2026-04-11T00:21:57Z,0,0,0,Inspire 3
2026-04-11T00:21:58Z,0,0,0,Inspire 3
2026-04-11T00:21:59Z,0,0,0,Inspire 3
2026-04-11T00:22:00Z,0,0,0,Inspire 3
2026-04-11T00:22:01Z,0,0,0,Inspire 3
2026-04-11T00:22:02Z,0,0,0,Inspire 3
2026-04-11T00:22:03Z,0,0,0,Inspire 3
2026-04-11T00:22:04Z,0,0,0,Inspire 3
2026-04-11T00:22:05Z,0,0,0,Inspire 3
2026-04-11T00:22:06Z,0,0,0,Inspire 3
2026-04-11T00:22:07Z,0,0,0,Inspire 3
2026-04-11T00:22:08Z,1,0,0,Inspire 3
2026-04-11T00:22:09Z,1,0,0,Inspire 3
2026-04-11T00:22:10Z,1,0,0,Inspire 3
2026-04-11T00:22:11Z,1,0,0,Inspire 3
2026-04-11T00:22:12Z,2,250,0,Inspire 3
2026-04-11T00:22:13Z,0,360,0,Inspire 3
2026-04-11T00:22:14Z,0,430,0,Inspire 3
2026-04-11T00:22:15Z,1,460,0,Inspire 3
2026-04-11T00:22:16Z,0,0,0,Inspire 3
2026-04-11T00:22:17Z,1,0,0,Inspire 3
2026-04-11T00:22:18Z,1,0,0,Inspire 3
2026-04-11T00:22:19Z,1,0,0,Inspire 3
2026-04-11T00:22:20Z,2,0,0,Inspire 3
2026-04-11T00:22:21Z,1,0,0,Inspire 3
2026-04-11T00:22:22Z,0,0,0,Inspire 3
2026-04-11T00:22:23Z,1,0,0,Inspire 3
2026-04-11T00:22:24Z,2,720,0,Inspire 3
2026-04-11T00:22:25Z,0,370,0,Inspire 3
2026-04-11T00:22:26Z,0,1370,0,Inspire 3
2026-04-11T00:22:27Z,0,0,0,Inspire 3
2026-04-11T00:22:28Z,0,0,0,Inspire 3
2026-04-11T00:22:29Z,0,0,0,Inspire 3
2026-04-11T00:22:30Z,0,0,0,Inspire 3
2026-04-11T00:22:31Z,0,0,0,Inspire 3
2026-04-11T00:22:32Z,0,0,0,Inspire 3
2026-04-11T00:22:33Z,1,0,0,Inspire 3
2026-04-11T00:22:34Z,1,0,0,Inspire 3
2026-04-11T00:22:35Z,1,0,0,Inspire 3
2026-04-11T00:22:36Z,1,0,0,Inspire 3
2026-04-11T00:22:37Z,1,0,0,Inspire 3
2026-04-11T00:22:38Z,1,240,0,Inspire 3
2026-04-11T00:22:39Z,0,370,0,Inspire 3
2026-04-11T00:22:40Z,0,1360,0,Inspire 3
2026-04-11T00:22:41Z,0,0,0,Inspire 3
2026-04-11T00:22:42Z,0,0,0,Inspire 3
2026-04-11T00:22:43Z,0,0,0,Inspire 3
2026-04-11T00:22:44Z,0,0,0,Inspire 3
2026-04-11T00:22:45Z,0,0,0,Inspire 3
2026-04-11T00:22:46Z,0,0,0,Inspire 3
2026-04-11T00:22:47Z,0,0,0,Inspire 3
2026-04-11T00:22:48Z,0,0,0,Inspire 3
2026-04-11T00:22:49Z,0,0,0,Inspire 3
2026-04-11T00:22:50Z,1,0,0,Inspire 3
2026-04-11T00:22:51Z,1,0,0,Inspire 3
2026-04-11T00:22:52Z,2,0,0,Inspire 3
2026-04-11T00:22:53Z,1,0,0,Inspire 3
2026-04-11T00:22:54Z,0,0,0,Inspire 3
2026-04-11T00:22:55Z,2,0,0,Inspire 3
2026-04-11T00:22:56Z,0,0,0,Inspire 3
2026-04-11T00:22:57Z,1,240,0,Inspire 3
2026-04-11T00:22:58Z,1,430,0,Inspire 3
2026-04-11T00:22:59Z,0,530,0,Inspire 3
2026-04-11T00:23:00Z,0,1280,0,Inspire 3
2026-04-11T00:23:01Z,0,0,0,Inspire 3
2026-04-11T00:23:02Z,0,0,0,Inspire 3
2026-04-11T00:23:03Z,0,0,0,Inspire 3
2026-04-11T00:23:04Z,0,0,0,Inspire 3
2026-04-11T00:23:05Z,0,0,0,Inspire 3
2026-04-11T00:23:06Z,0,0,0,Inspire 3
2026-04-11T00:23:07Z,0,0,0,Inspire 3
2026-04-11T00:23:08Z,1,0,0,Inspire 3
2026-04-11T00:23:09Z,1,0,0,Inspire 3
2026-04-11T00:23:10Z,1,0,0,Inspire 3
2026-04-11T00:23:11Z,0,0,0,Inspire 3
2026-04-11T00:23:12Z,2,0,0,Inspire 3
2026-04-11T00:23:13Z,2,240,0,Inspire 3
2026-04-11T00:23:14Z,1,430,0,Inspire 3
2026-04-11T00:23:15Z,2,650,0,Inspire 3
2026-04-11T00:23:16Z,1,820,0,Inspire 3
2026-04-11T00:23:17Z,0,910,0,Inspire 3
2026-04-11T00:23:18Z,4,950,0,Inspire 3
2026-04-11T00:23:19Z,2,1040,0,Inspire 3
2026-04-11T00:23:20Z,0,950,0,Inspire 3
2026-04-11T00:23:21Z,0,850,0,Inspire 3
2026-04-11T00:23:22Z,0,800,0,Inspire 3
2026-04-11T00:23:23Z,0,240,0,Inspire 3
2026-04-11T00:23:24Z,0,0,0,Inspire 3
2026-04-11T00:23:25Z,0,0,0,Inspire 3
2026-04-11T00:23:26Z,0,0,0,Inspire 3
2026-04-11T00:23:27Z,0,0,0,Inspire 3
2026-04-11T00:23:28Z,0,0,0,Inspire 3
2026-04-11T00:23:29Z,0,0,0,Inspire 3
2026-04-11T00:23:30Z,0,0,0,Inspire 3
2026-04-11T00:23:31Z,0,0,0,Inspire 3
2026-04-11T00:23:32Z,0,0,0,Inspire 3
2026-04-11T00:23:33Z,0,0,0,Inspire 3
2026-04-11T00:23:34Z,0,0,0,Inspire 3
2026-04-11T00:23:35Z,0,0,0,Inspire 3
2026-04-11T00:23:36Z,0,0,0,Inspire 3
2026-04-11T00:23:37Z,0,0,0,Inspire 3
2026-04-11T00:23:38Z,0,0,0,Inspire 3
2026-04-11T00:23:39Z,0,0,0,Inspire 3
2026-04-11T00:23:40Z,0,0,0,Inspire 3
2026-04-11T00:23:41Z,0,0,0,Inspire 3
2026-04-11T00:23:42Z,0,0,0,Inspire 3
2026-04-11T00:23:43Z,0,0,0,Inspire 3
2026-04-11T00:23:44Z,1,0,0,Inspire 3
2026-04-11T00:23:45Z,2,0,0,Inspire 3
2026-04-11T00:23:46Z,1,0,0,Inspire 3
2026-04-11T00:23:47Z,2,240,0,Inspire 3
2026-04-11T00:59:02Z,0,0,0,Inspire 3
2026-04-11T00:59:03Z,0,0,0,Inspire 3
2026-04-11T00:59:04Z,0,0,0,Inspire 3
2026-04-11T00:59:05Z,0,0,0,Inspire 3
2026-04-11T00:59:06Z,0,0,0,Inspire 3
2026-04-11T00:59:07Z,0,0,0,Inspire 3
2026-04-11T00:59:08Z,0,0,0,Inspire 3
2026-04-11T00:59:09Z,0,0,0,Inspire 3
2026-04-11T00:59:10Z,0,0,0,Inspire 3
2026-04-11T00:59:11Z,0,0,0,Inspire 3
2026-04-11T00:59:12Z,0,0,0,Inspire 3
2026-04-11T00:59:13Z,0,0,0,Inspire 3
2026-04-11T00:59:14Z,0,0,0,Inspire 3
2026-04-11T00:59:15Z,0,0,0,Inspire 3
2026-04-11T00:59:16Z,0,0,0,Inspire 3
2026-04-11T00:59:17Z,0,0,0,Inspire 3
2026-04-11T00:59:18Z,0,0,0,Inspire 3
2026-04-11T00:59:19Z,0,0,0,Inspire 3
2026-04-11T00:59:20Z,0,0,0,Inspire 3
2026-04-11T00:59:21Z,0,0,0,Inspire 3
2026-04-11T00:59:22Z,0,0,0,Inspire 3
2026-04-11T00:59:23Z,0,0,0,Inspire 3
2026-04-11T00:59:24Z,0,0,0,Inspire 3
2026-04-11T00:59:25Z,0,0,0,Inspire 3
2026-04-11T00:59:26Z,0,0,0,Inspire 3
2026-04-11T00:59:27Z,0,0,0,Inspire 3
2026-04-11T00:59:28Z,0,0,0,Inspire 3
2026-04-11T00:59:29Z,0,0,0,Inspire 3
2026-04-11T00:59:30Z,0,0,0,Inspire 3
2026-04-11T00:59:31Z,0,0,0,Inspire 3
2026-04-11T00:59:32Z,0,0,0,Inspire 3
2026-04-11T00:59:33Z,0,0,0,Inspire 3
2026-04-11T00:59:34Z,0,0,0,Inspire 3
2026-04-11T00:59:35Z,0,0,0,Inspire 3
2026-04-11T00:59:36Z,0,0,0,Inspire 3
2026-04-11T00:59:37Z,0,0,0,Inspire 3
2026-04-11T00:59:38Z,0,0,0,Inspire 3
2026-04-11T00:59:39Z,2,0,0,Inspire 3
2026-04-11T00:59:40Z,1,0,0,Inspire 3
2026-04-11T00:59:41Z,1,0,0,Inspire 3
2026-04-11T00:59:42Z,0,0,0,Inspire 3
2026-04-11T00:59:43Z,2,0,0,Inspire 3
2026-04-11T00:59:44Z,3,240,0,Inspire 3
2026-04-11T00:59:45Z,2,490,0,Inspire 3
2026-04-11T00:59:46Z,1,680,0,Inspire 3
2026-04-11T00:59:47Z,1,680,0,Inspire 3
2026-04-11T00:59:48Z,1,840,0,Inspire 3
2026-04-11T00:59:49Z,0,910,0,Inspire 3
2026-04-11T00:59:50Z,0,710,0,Inspire 3
2026-04-11T00:59:51Z,0,360,0,Inspire 3
2026-04-11T00:59:52Z,0,0,0,Inspire 3
2026-04-11T00:59:53Z,0,0,0,Inspire 3
2026-04-11T00:59:54Z,0,0,0,Inspire 3
2026-04-11T00:59:55Z,0,0,0,Inspire 3
2026-04-11T00:59:56Z,0,0,0,Inspire 3
2026-04-11T00:59:57Z,0,0,0,Inspire 3
2026-04-11T00:59:58Z,0,0,0,Inspire 3
2026-04-11T00:59:59Z,0,0,0,Inspire 3
2026-04-11T01:00:00Z,0,0,0,Inspire 3
2026-04-11T01:00:01Z,0,0,0,Inspire 3
2026-04-11T01:00:02Z,0,0,0,Inspire 3
2026-04-11T01:00:03Z,0,0,0,Inspire 3
2026-04-11T01:00:04Z,0,0,0,Inspire 3
2026-04-11T01:00:05Z,0,0,0,Inspire 3
2026-04-11T01:00:06Z,0,0,0,Inspire 3
2026-04-11T01:00:07Z,0,0,0,Inspire 3
2026-04-11T01:00:08Z,0,0,0,Inspire 3
2026-04-11T01:00:09Z,0,0,0,Inspire 3
2026-04-11T01:00:10Z,0,0,0,Inspire 3
2026-04-11T01:00:11Z,0,0,0,Inspire 3
2026-04-11T01:00:12Z,0,0,0,Inspire 3
2026-04-11T01:00:13Z,0,0,0,Inspire 3
2026-04-11T01:00:14Z,0,0,0,Inspire 3
2026-04-11T01:00:15Z,0,0,0,Inspire 3
2026-04-11T01:00:16Z,0,0,0,Inspire 3
2026-04-11T01:00:17Z,0,0,0,Inspire 3
2026-04-11T01:00:18Z,0,0,0,Inspire 3
2026-04-11T01:00:19Z,0,0,0,Inspire 3
2026-04-11T01:00:20Z,0,0,0,Inspire 3
2026-04-11T01:00:21Z,0,0,0,Inspire 3
2026-04-11T01:00:22Z,0,0,0,Inspire 3
2026-04-11T01:00:23Z,0,0,0,Inspire 3
2026-04-11T01:00:24Z,0,0,0,Inspire 3
2026-04-11T01:00:25Z,0,0,0,Inspire 3
2026-04-11T01:00:26Z,0,0,0,Inspire 3
2026-04-11T01:00:27Z,0,0,0,Inspire 3
2026-04-11T01:00:28Z,0,0,0,Inspire 3
2026-04-11T01:00:29Z,0,0,0,Inspire 3
2026-04-11T01:00:30Z,0,0,0,Inspire 3
2026-04-11T01:00:31Z,0,0,0,Inspire 3
2026-04-11T01:00:32Z,0,0,0,Inspire 3
2026-04-11T01:00:33Z,0,0,0,Inspire 3
2026-04-11T01:00:34Z,0,0,0,Inspire 3
2026-04-11T01:00:35Z,0,0,0,Inspire 3
2026-04-11T01:00:36Z,0,0,0,Inspire 3
2026-04-11T01:00:37Z,0,0,0,Inspire 3
2026-04-11T01:00:38Z,0,0,0,Inspire 3
2026-04-11T01:00:39Z,0,0,0,Inspire 3
2026-04-11T01:00:40Z,0,0,0,Inspire 3
2026-04-11T01:00:41Z,0,0,0,Inspire 3
2026-04-11T01:00:42Z,0,0,0,Inspire 3
2026-04-11T01:00:43Z,0,0,0,Inspire 3
2026-04-11T01:00:44Z,0,0,0,Inspire 3
2026-04-11T01:00:45Z,0,0,0,Inspire 3
2026-04-11T01:00:46Z,0,0,0,Inspire 3
2026-04-11T01:00:47Z,0,0,0,Inspire 3
2026-04-11T01:00:48Z,0,0,0,Inspire 3
2026-04-11T01:00:49Z,0,0,0,Inspire 3
2026-04-11T01:00:50Z,0,0,0,Inspire 3
2026-04-11T01:00:51Z,0,0,0,Inspire 3
2026-04-11T01:00:52Z,0,0,0,Inspire 3
2026-04-11T01:00:53Z,0,0,0,Inspire 3
2026-04-11T01:00:54Z,0,0,0,Inspire 3
2026-04-11T01:00:55Z,0,0,0,Inspire 3
2026-04-11T01:00:56Z,0,0,0,Inspire 3
2026-04-11T01:00:57Z,0,0,0,Inspire 3
2026-04-11T01:00:58Z,0,0,0,Inspire 3
2026-04-11T01:00:59Z,0,0,0,Inspire 3
2026-04-11T01:01:00Z,0,0,0,Inspire 3
2026-04-11T01:01:01Z,0,0,0,Inspire 3
2026-04-11T01:01:02Z,0,0,0,Inspire 3
2026-04-11T01:01:03Z,0,0,0,Inspire 3
2026-04-11T01:01:04Z,0,0,0,Inspire 3
2026-04-11T01:01:05Z,0,0,0,Inspire 3
2026-04-11T01:01:06Z,0,0,0,Inspire 3
2026-04-11T01:01:07Z,0,0,0,Inspire 3
2026-04-11T01:01:08Z,0,0,0,Inspire 3
2026-04-11T01:01:09Z,0,0,0,Inspire 3
2026-04-11T01:01:10Z,0,0,0,Inspire 3
2026-04-11T01:01:11Z,0,0,0,Inspire 3
2026-04-11T01:01:12Z,0,0,0,Inspire 3
2026-04-11T01:01:13Z,0,0,0,Inspire 3
2026-04-11T01:01:14Z,0,0,0,Inspire 3
2026-04-11T01:01:15Z,0,0,0,Inspire 3
2026-04-11T01:01:16Z,0,0,0,Inspire 3
2026-04-11T01:01:17Z,0,0,0,Inspire 3
2026-04-11T01:01:18Z,0,0,0,Inspire 3
2026-04-11T01:01:19Z,0,0,0,Inspire 3
2026-04-11T01:01:20Z,0,0,0,Inspire 3
2026-04-11T01:01:21Z,0,0,0,Inspire 3
2026-04-11T01:01:22Z,0,0,0,Inspire 3
2026-04-11T01:01:23Z,0,0,0,Inspire 3
2026-04-11T01:01:24Z,0,0,0,Inspire 3
2026-04-11T01:01:25Z,0,0,0,Inspire 3
2026-04-11T01:01:27Z,0,0,0,Inspire 3
2026-04-11T01:01:28Z,0,0,0,Inspire 3
2026-04-11T01:01:29Z,0,0,0,Inspire 3
2026-04-11T01:01:30Z,0,0,0,Inspire 3
2026-04-11T01:01:31Z,0,0,0,Inspire 3
2026-04-11T01:01:32Z,0,0,0,Inspire 3
2026-04-11T01:01:33Z,2,0,0,Inspire 3
2026-04-11T01:01:34Z,2,0,0,Inspire 3
2026-04-11T01:01:35Z,2,240,0,Inspire 3
2026-04-11T01:01:36Z,1,430,0,Inspire 3
2026-04-11T01:01:37Z,2,650,0,Inspire 3
2026-04-11T01:01:38Z,2,880,0,Inspire 3
2026-04-11T01:01:39Z,2,1120,0,Inspire 3
2026-04-11T01:01:40Z,1,1070,0,Inspire 3
2026-04-11T01:01:41Z,2,1090,0,Inspire 3
2026-04-11T01:01:42Z,2,1110,0,Inspire 3
2026-04-11T01:01:43Z,1,1050,0,Inspire 3
2026-04-11T01:01:44Z,2,1030,0,Inspire 3
2026-04-11T01:01:45Z,2,1070,0,Inspire 3
2026-04-11T01:01:46Z,2,1090,0,Inspire 3
2026-04-11T01:01:47Z,2,1110,0,Inspire 3
2026-04-11T01:01:48Z,1,1120,0,Inspire 3
2026-04-11T01:01:49Z,2,1120,0,Inspire 3
2026-04-11T01:01:50Z,2,1110,0,Inspire 3
2026-04-11T01:01:51Z,2,1120,0,Inspire 3
2026-04-11T01:01:52Z,1,1050,0,Inspire 3
2026-04-11T01:01:53Z,2,1090,0,Inspire 3
2026-04-11T01:01:54Z,2,1100,0,Inspire 3
2026-04-11T01:01:55Z,2,1110,0,Inspire 3
2026-04-11T01:01:56Z,1,1060,0,Inspire 3
2026-04-11T01:01:57Z,2,1080,0,Inspire 3
2026-04-11T01:01:58Z,1,1090,0,Inspire 3
2026-04-11T01:01:59Z,0,1070,0,Inspire 3
2026-04-11T01:02:00Z,1,1040,0,Inspire 3
2026-04-11T01:02:01Z,1,1000,0,Inspire 3
2026-04-11T01:02:02Z,1,980,0,Inspire 3
2026-04-11T01:02:03Z,1,930,0,Inspire 3
2026-04-11T01:02:04Z,3,920,0,Inspire 3
2026-04-11T01:02:05Z,1,920,0,Inspire 3
2026-04-11T01:02:06Z,1,920,0,Inspire 3
2026-04-11T01:02:07Z,1,910,0,Inspire 3
2026-04-11T01:02:08Z,1,900,0,Inspire 3
2026-04-11T01:02:09Z,0,890,0,Inspire 3
2026-04-11T01:02:10Z,2,860,0,Inspire 3
2026-04-11T01:02:11Z,1,840,0,Inspire 3
2026-04-11T01:02:12Z,1,810,0,Inspire 3
2026-04-11T01:02:13Z,1,800,0,Inspire 3
2026-04-11T01:02:14Z,2,790,0,Inspire 3
2026-04-11T01:02:15Z,0,790,0,Inspire 3
2026-04-11T01:02:16Z,1,780,0,Inspire 3
2026-04-11T01:02:17Z,1,760,0,Inspire 3
2026-04-11T01:02:18Z,0,740,0,Inspire 3
2026-04-11T01:02:19Z,0,250,0,Inspire 3
2026-04-11T01:02:20Z,1,240,0,Inspire 3
2026-04-11T01:02:21Z,2,0,0,Inspire 3
2026-04-11T01:02:22Z,1,0,0,Inspire 3
2026-04-11T01:02:23Z,1,0,0,Inspire 3
2026-04-11T01:02:24Z,3,360,0,Inspire 3
2026-04-11T01:02:25Z,2,490,0,Inspire 3
2026-04-11T01:02:26Z,1,680,0,Inspire 3
2026-04-11T01:02:27Z,1,840,0,Inspire 3
2026-04-11T01:02:28Z,2,1030,0,Inspire 3
2026-04-11T01:02:29Z,2,1020,0,Inspire 3
2026-04-11T01:02:30Z,0,880,0,Inspire 3
2026-04-11T01:02:31Z,0,750,0,Inspire 3
2026-04-11T01:02:32Z,1,630,0,Inspire 3
2026-04-11T01:02:33Z,2,0,0,Inspire 3
2026-04-11T01:02:34Z,0,0,0,Inspire 3
2026-04-11T01:02:35Z,2,0,0,Inspire 3
2026-04-11T01:02:36Z,1,0,0,Inspire 3
2026-04-11T01:02:37Z,0,0,0,Inspire 3
2026-04-11T01:02:38Z,1,0,0,Inspire 3
2026-04-11T01:02:39Z,0,0,0,Inspire 3
2026-04-11T01:02:40Z,1,0,0,Inspire 3
2026-04-11T01:02:41Z,1,0,0,Inspire 3
2026-04-11T01:02:42Z,1,480,0,Inspire 3
2026-04-11T01:02:43Z,2,490,0,Inspire 3
2026-04-11T01:02:44Z,2,750,0,Inspire 3
2026-04-11T01:02:45Z,1,930,0,Inspire 3
2026-04-11T01:02:46Z,2,1140,0,Inspire 3
2026-04-11T01:02:47Z,2,1140,0,Inspire 3
2026-04-11T01:02:48Z,2,1120,0,Inspire 3
2026-04-11T01:02:49Z,1,1070,0,Inspire 3
2026-04-11T01:02:50Z,2,1090,0,Inspire 3
2026-04-11T01:02:51Z,2,1110,0,Inspire 3
2026-04-11T01:02:52Z,2,1120,0,Inspire 3
2026-04-11T01:02:53Z,1,1050,0,Inspire 3
2026-04-11T01:02:54Z,2,1090,0,Inspire 3
2026-04-11T01:02:55Z,2,1100,0,Inspire 3
2026-04-11T01:02:56Z,1,1040,0,Inspire 3
2026-04-11T01:02:57Z,2,1030,0,Inspire 3
2026-04-11T01:02:58Z,2,1070,0,Inspire 3
2026-04-11T01:02:59Z,2,1090,0,Inspire 3
2026-04-11T01:03:00Z,1,1050,0,Inspire 3
2026-04-11T01:03:01Z,2,1080,0,Inspire 3
2026-04-11T01:03:02Z,2,1110,0,Inspire 3
2026-04-11T01:03:03Z,0,980,0,Inspire 3
2026-04-11T01:03:04Z,1,980,0,Inspire 3
2026-04-11T01:03:05Z,2,970,0,Inspire 3
2026-04-11T01:03:06Z,2,960,0,Inspire 3
2026-04-11T01:03:07Z,2,960,0,Inspire 3
2026-04-11T01:03:08Z,2,960,0,Inspire 3
2026-04-11T01:03:09Z,1,960,0,Inspire 3
2026-04-11T01:03:10Z,2,970,0,Inspire 3
2026-04-11T01:03:11Z,2,970,0,Inspire 3
2026-04-11T01:03:12Z,2,990,0,Inspire 3
2026-04-11T01:03:13Z,2,990,0,Inspire 3
2026-04-11T01:03:14Z,1,1000,0,Inspire 3
2026-04-11T01:03:15Z,2,1000,0,Inspire 3
2026-04-11T01:03:16Z,2,1010,0,Inspire 3
2026-04-11T01:03:17Z,2,1010,0,Inspire 3
2026-04-11T01:03:18Z,1,1020,0,Inspire 3
2026-04-11T01:03:19Z,2,1020,0,Inspire 3
2026-04-11T01:03:20Z,2,1030,0,Inspire 3
2026-04-11T01:03:21Z,1,1020,0,Inspire 3
2026-04-11T01:03:22Z,2,1020,0,Inspire 3
2026-04-11T01:03:23Z,2,1030,0,Inspire 3
2026-04-11T01:03:24Z,2,1030,0,Inspire 3
2026-04-11T01:03:25Z,1,1030,0,Inspire 3
2026-04-11T01:03:26Z,2,1030,0,Inspire 3
2026-04-11T01:03:27Z,2,1040,0,Inspire 3
2026-04-11T01:03:28Z,1,1040,0,Inspire 3
2026-04-11T01:03:29Z,2,1040,0,Inspire 3
2026-04-11T01:03:30Z,2,1040,0,Inspire 3
2026-04-11T01:03:31Z,2,1040,0,Inspire 3
2026-04-11T01:03:32Z,1,1040,0,Inspire 3
2026-04-11T01:03:33Z,2,1050,0,Inspire 3
2026-04-11T01:03:34Z,2,1050,0,Inspire 3
2026-04-11T01:03:35Z,2,1060,0,Inspire 3
2026-04-11T01:03:36Z,1,1050,0,Inspire 3
2026-04-11T01:03:37Z,2,1060,0,Inspire 3
2026-04-11T01:03:38Z,2,1060,0,Inspire 3
2026-04-11T01:03:39Z,2,1060,0,Inspire 3
2026-04-11T01:03:40Z,1,1070,0,Inspire 3
2026-04-11T01:03:41Z,2,1060,0,Inspire 3
2026-04-11T01:03:42Z,2,1070,0,Inspire 3
2026-04-11T01:03:43Z,1,1060,0,Inspire 3
2026-04-11T01:03:44Z,2,1060,0,Inspire 3
2026-04-11T01:03:45Z,2,1060,0,Inspire 3
2026-04-11T01:03:46Z,2,1060,0,Inspire 3
2026-04-11T01:03:47Z,1,1060,0,Inspire 3
2026-04-11T01:03:48Z,2,1070,0,Inspire 3
2026-04-11T01:03:49Z,2,1060,0,Inspire 3
2026-04-11T01:03:50Z,1,1060,0,Inspire 3
2026-04-11T01:03:51Z,2,1060,0,Inspire 3
2026-04-11T01:03:52Z,2,1060,0,Inspire 3
2026-04-11T01:03:53Z,2,1060,0,Inspire 3
2026-04-11T01:03:54Z,1,1060,0,Inspire 3
2026-04-11T01:03:55Z,2,1070,0,Inspire 3
2026-04-11T01:03:56Z,2,1060,0,Inspire 3
2026-04-11T01:03:57Z,2,1070,0,Inspire 3
2026-04-11T01:03:58Z,1,1070,0,Inspire 3
2026-04-11T01:03:59Z,2,1070,0,Inspire 3
2026-04-11T01:04:00Z,2,1070,0,Inspire 3
2026-04-11T01:04:01Z,2,1080,0,Inspire 3
2026-04-11T01:04:02Z,1,1070,0,Inspire 3
2026-04-11T01:04:03Z,2,1070,0,Inspire 3
2026-04-11T01:04:04Z,2,1070,0,Inspire 3
2026-04-11T01:04:05Z,1,1060,0,Inspire 3
2026-04-11T01:04:06Z,2,1060,0,Inspire 3
2026-04-11T01:04:07Z,2,1070,0,Inspire 3
2026-04-11T01:04:08Z,1,1060,0,Inspire 3
2026-04-11T01:04:09Z,2,1050,0,Inspire 3
2026-04-11T01:04:10Z,2,1070,0,Inspire 3
2026-04-11T01:04:11Z,1,1050,0,Inspire 3
2026-04-11T01:04:12Z,0,1040,0,Inspire 3
2026-04-11T01:04:13Z,0,1020,0,Inspire 3
2026-04-11T01:04:14Z,0,1000,0,Inspire 3
2026-04-11T01:04:15Z,0,110,0,Inspire 3
2026-04-11T01:04:16Z,0,0,0,Inspire 3
2026-04-11T01:04:17Z,0,0,0,Inspire 3
2026-04-11T01:04:18Z,0,0,0,Inspire 3
2026-04-11T01:04:19Z,1,0,0,Inspire 3
2026-04-11T01:04:20Z,1,0,0,Inspire 3
2026-04-11T01:04:21Z,1,0,0,Inspire 3
2026-04-11T01:04:22Z,1,0,0,Inspire 3
2026-04-11T01:04:23Z,2,0,0,Inspire 3
2026-04-11T01:04:24Z,2,240,0,Inspire 3
2026-04-11T01:04:25Z,1,430,0,Inspire 3
2026-04-11T01:04:26Z,2,650,0,Inspire 3
2026-04-11T01:04:27Z,1,820,0,Inspire 3
2026-04-11T01:04:28Z,0,910,0,Inspire 3
2026-04-11T01:04:29Z,0,700,0,Inspire 3
2026-04-11T01:04:30Z,0,540,0,Inspire 3
2026-04-11T01:04:31Z,1,120,0,Inspire 3
2026-04-11T01:04:32Z,1,0,0,Inspire 3
2026-04-11T01:04:33Z,2,0,0,Inspire 3
2026-04-11T01:04:34Z,2,240,0,Inspire 3
2026-04-11T01:04:35Z,1,430,0,Inspire 3
2026-04-11T01:04:36Z,1,590,0,Inspire 3
2026-04-11T01:04:37Z,2,790,0,Inspire 3
2026-04-11T01:04:38Z,1,950,0,Inspire 3
2026-04-11T01:04:39Z,1,850,0,Inspire 3
2026-04-11T01:04:40Z,0,730,0,Inspire 3
2026-04-11T01:04:41Z,0,620,0,Inspire 3
2026-04-11T01:04:42Z,0,240,0,Inspire 3
2026-04-11T01:04:43Z,0,120,0,Inspire 3
2026-04-11T01:04:44Z,0,0,0,Inspire 3
2026-04-11T01:04:45Z,0,0,0,Inspire 3
2026-04-11T01:04:46Z,2,0,0,Inspire 3
2026-04-11T01:04:47Z,2,0,0,Inspire 3
2026-04-11T01:04:48Z,0,0,0,Inspire 3
2026-04-11T01:04:49Z,0,0,0,Inspire 3
2026-04-11T01:04:50Z,0,0,0,Inspire 3
2026-04-11T01:04:51Z,0,0,0,Inspire 3
2026-04-11T01:04:52Z,0,0,0,Inspire 3
2026-04-11T01:04:53Z,0,0,0,Inspire 3
2026-04-11T01:04:54Z,0,0,0,Inspire 3
2026-04-11T01:04:55Z,0,0,0,Inspire 3
2026-04-11T01:04:56Z,0,0,0,Inspire 3
2026-04-11T01:04:57Z,0,0,0,Inspire 3
2026-04-11T01:04:58Z,0,0,0,Inspire 3
2026-04-11T01:04:59Z,0,0,0,Inspire 3
2026-04-11T01:05:00Z,0,0,0,Inspire 3
2026-04-11T01:05:01Z,0,0,0,Inspire 3
2026-04-11T01:05:02Z,0,0,0,Inspire 3
2026-04-11T01:05:03Z,0,0,0,Inspire 3
2026-04-11T01:05:04Z,0,0,0,Inspire 3
2026-04-11T01:05:05Z,0,0,0,Inspire 3
2026-04-11T01:05:06Z,0,0,0,Inspire 3
2026-04-11T01:05:07Z,0,0,0,Inspire 3
2026-04-11T01:05:08Z,0,0,0,Inspire 3
2026-04-11T01:05:40Z,0,0,0,Inspire 3
2026-04-11T01:05:41Z,0,0,0,Inspire 3
2026-04-11T01:05:42Z,0,0,0,Inspire 3
2026-04-11T01:05:43Z,0,0,0,Inspire 3
2026-04-11T01:05:44Z,0,0,0,Inspire 3
2026-04-11T01:05:45Z,0,0,0,Inspire 3
2026-04-11T01:05:46Z,0,0,0,Inspire 3
2026-04-11T01:05:47Z,0,0,0,Inspire 3
2026-04-11T01:05:48Z,0,0,0,Inspire 3
2026-04-11T01:05:49Z,0,0,0,Inspire 3
2026-04-11T01:05:50Z,0,0,0,Inspire 3
2026-04-11T01:05:51Z,0,0,0,Inspire 3
2026-04-11T01:05:52Z,0,0,0,Inspire 3
2026-04-11T01:05:53Z,0,0,0,Inspire 3
2026-04-11T01:05:54Z,0,0,0,Inspire 3
2026-04-11T01:05:55Z,0,0,0,Inspire 3
2026-04-11T01:05:56Z,0,0,0,Inspire 3
2026-04-11T01:05:57Z,0,0,0,Inspire 3
2026-04-11T01:05:58Z,0,0,0,Inspire 3
2026-04-11T01:05:59Z,0,0,0,Inspire 3
2026-04-11T01:06:00Z,0,0,0,Inspire 3
2026-04-11T01:06:01Z,0,0,0,Inspire 3
2026-04-11T01:06:02Z,0,0,0,Inspire 3
2026-04-11T01:06:03Z,0,0,0,Inspire 3
2026-04-11T01:06:04Z,0,0,0,Inspire 3
2026-04-11T01:06:05Z,0,0,0,Inspire 3
2026-04-11T01:06:06Z,0,0,0,Inspire 3
2026-04-11T01:06:07Z,0,0,0,Inspire 3
2026-04-11T01:06:08Z,0,0,0,Inspire 3
2026-04-11T01:06:09Z,0,0,0,Inspire 3
2026-04-11T01:06:10Z,0,0,0,Inspire 3
2026-04-11T01:06:11Z,0,0,0,Inspire 3
2026-04-11T01:06:12Z,0,0,0,Inspire 3
2026-04-11T01:06:13Z,0,0,0,Inspire 3
2026-04-11T01:06:14Z,0,0,0,Inspire 3
2026-04-11T01:06:15Z,0,0,0,Inspire 3
2026-04-11T01:06:16Z,0,0,0,Inspire 3
2026-04-11T01:06:17Z,0,0,0,Inspire 3
2026-04-11T01:06:18Z,0,0,0,Inspire 3
2026-04-11T01:06:19Z,0,0,0,Inspire 3
2026-04-11T01:06:20Z,0,0,0,Inspire 3
2026-04-11T01:06:21Z,0,0,0,Inspire 3
2026-04-11T01:06:22Z,0,0,0,Inspire 3
2026-04-11T01:06:23Z,0,0,0,Inspire 3
2026-04-11T01:06:24Z,0,0,0,Inspire 3
2026-04-11T01:06:25Z,0,0,0,Inspire 3
2026-04-11T01:06:26Z,0,0,0,Inspire 3
2026-04-11T01:06:27Z,2,0,0,Inspire 3
2026-04-11T01:06:28Z,2,0,0,Inspire 3
2026-04-11T01:06:29Z,0,0,0,Inspire 3
2026-04-11T01:06:30Z,0,0,0,Inspire 3
2026-04-11T01:06:31Z,0,0,0,Inspire 3
2026-04-11T01:06:32Z,0,0,0,Inspire 3
2026-04-11T01:06:33Z,0,0,0,Inspire 3
2026-04-11T01:06:34Z,0,0,0,Inspire 3
2026-04-11T01:06:35Z,0,0,0,Inspire 3
2026-04-11T01:06:36Z,0,0,0,Inspire 3
2026-04-11T01:06:37Z,0,0,0,Inspire 3
2026-04-11T01:06:38Z,0,0,0,Inspire 3
2026-04-11T01:06:39Z,0,0,0,Inspire 3
2026-04-11T01:06:40Z,0,0,0,Inspire 3
2026-04-11T01:06:41Z,0,0,0,Inspire 3
2026-04-11T01:06:42Z,0,0,0,Inspire 3
2026-04-11T01:06:43Z,0,0,0,Inspire 3
2026-04-11T01:06:44Z,0,0,0,Inspire 3
2026-04-11T01:06:45Z,0,0,0,Inspire 3
2026-04-11T01:06:46Z,0,0,0,Inspire 3
2026-04-11T01:06:47Z,0,0,0,Inspire 3
2026-04-11T01:06:48Z,0,0,0,Inspire 3
2026-04-11T01:06:49Z,0,0,0,Inspire 3
2026-04-11T01:06:50Z,0,0,0,Inspire 3
2026-04-11T01:06:51Z,0,0,0,Inspire 3
2026-04-11T01:06:52Z,0,0,0,Inspire 3
2026-04-11T01:06:53Z,0,0,0,Inspire 3
2026-04-11T01:06:54Z,0,0,0,Inspire 3
2026-04-11T01:06:55Z,0,0,0,Inspire 3
2026-04-11T01:06:56Z,0,0,0,Inspire 3
2026-04-11T01:06:57Z,0,0,0,Inspire 3
2026-04-11T01:06:58Z,0,0,0,Inspire 3
2026-04-11T01:06:59Z,0,0,0,Inspire 3
2026-04-11T01:07:00Z,0,0,0,Inspire 3
2026-04-11T01:07:01Z,0,0,0,Inspire 3
2026-04-11T01:07:02Z,0,0,0,Inspire 3
2026-04-11T01:07:03Z,0,0,0,Inspire 3
2026-04-11T01:07:04Z,0,0,0,Inspire 3
2026-04-11T01:07:05Z,0,0,0,Inspire 3
2026-04-11T01:07:06Z,0,0,0,Inspire 3
2026-04-11T01:07:07Z,0,0,0,Inspire 3
2026-04-11T01:07:08Z,0,0,0,Inspire 3
2026-04-11T01:07:09Z,0,0,0,Inspire 3
2026-04-11T01:07:10Z,0,0,0,Inspire 3
2026-04-11T01:07:11Z,0,0,0,Inspire 3
2026-04-11T01:07:12Z,0,0,0,Inspire 3
2026-04-11T01:07:13Z,0,0,0,Inspire 3
2026-04-11T01:07:14Z,0,0,0,Inspire 3
2026-04-11T01:07:15Z,0,0,0,Inspire 3
2026-04-11T01:07:16Z,0,0,0,Inspire 3
2026-04-11T01:07:17Z,0,0,0,Inspire 3
2026-04-11T01:07:18Z,0,0,0,Inspire 3
2026-04-11T01:07:19Z,0,0,0,Inspire 3
2026-04-11T01:07:20Z,0,0,0,Inspire 3
2026-04-11T01:07:21Z,0,0,0,Inspire 3
2026-04-11T01:07:22Z,0,0,0,Inspire 3
2026-04-11T01:07:23Z,0,0,0,Inspire 3
2026-04-11T01:07:24Z,0,0,0,Inspire 3
2026-04-11T01:07:25Z,0,0,0,Inspire 3
2026-04-11T01:07:26Z,0,0,0,Inspire 3
2026-04-11T01:07:27Z,0,0,0,Inspire 3
2026-04-11T01:07:28Z,0,0,0,Inspire 3
2026-04-11T01:07:29Z,0,0,0,Inspire 3
2026-04-11T01:07:30Z,0,0,0,Inspire 3
2026-04-11T01:07:31Z,0,0,0,Inspire 3
2026-04-11T01:07:32Z,0,0,0,Inspire 3
2026-04-11T01:07:33Z,0,0,0,Inspire 3
2026-04-11T01:07:34Z,0,0,0,Inspire 3
2026-04-11T01:07:35Z,0,0,0,Inspire 3
2026-04-11T01:07:36Z,0,0,0,Inspire 3
2026-04-11T01:07:37Z,0,0,0,Inspire 3
2026-04-11T01:07:38Z,0,0,0,Inspire 3
2026-04-11T01:07:39Z,0,0,0,Inspire 3
2026-04-11T01:07:40Z,0,0,0,Inspire 3
2026-04-11T01:07:41Z,0,0,0,Inspire 3
2026-04-11T01:07:42Z,0,0,0,Inspire 3
2026-04-11T01:07:43Z,0,0,0,Inspire 3
2026-04-11T01:07:44Z,0,0,0,Inspire 3
2026-04-11T01:07:45Z,0,0,0,Inspire 3
2026-04-11T01:07:46Z,0,0,0,Inspire 3
2026-04-11T01:07:47Z,0,0,0,Inspire 3
2026-04-11T01:07:48Z,0,0,0,Inspire 3
2026-04-11T01:07:49Z,0,0,0,Inspire 3
2026-04-11T01:07:50Z,0,0,0,Inspire 3
2026-04-11T01:07:51Z,0,0,0,Inspire 3
2026-04-11T01:07:52Z,0,0,0,Inspire 3
2026-04-11T01:07:53Z,0,0,0,Inspire 3
2026-04-11T01:07:54Z,0,0,0,Inspire 3
2026-04-11T01:07:55Z,0,0,0,Inspire 3
2026-04-11T01:07:56Z,0,0,0,Inspire 3
2026-04-11T01:07:57Z,0,0,0,Inspire 3
2026-04-11T01:07:58Z,0,0,0,Inspire 3
2026-04-11T01:07:59Z,0,0,0,Inspire 3
2026-04-11T01:08:00Z,0,0,0,Inspire 3
2026-04-11T01:08:01Z,0,0,0,Inspire 3
2026-04-11T01:08:02Z,0,0,0,Inspire 3
2026-04-11T01:08:03Z,0,0,0,Inspire 3
2026-04-11T01:08:04Z,0,0,0,Inspire 3
2026-04-11T01:08:05Z,0,0,0,Inspire 3
2026-04-11T01:08:06Z,0,0,0,Inspire 3
2026-04-11T01:08:07Z,0,0,0,Inspire 3
2026-04-11T01:08:08Z,2,0,0,Inspire 3
2026-04-11T01:08:09Z,2,0,0,Inspire 3
2026-04-11T01:08:10Z,0,0,0,Inspire 3
2026-04-11T01:08:11Z,0,0,0,Inspire 3
2026-04-11T01:08:12Z,0,0,0,Inspire 3
2026-04-11T01:08:13Z,0,0,0,Inspire 3
2026-04-11T01:08:14Z,0,0,0,Inspire 3
2026-04-11T01:08:15Z,0,0,0,Inspire 3
2026-04-11T01:08:16Z,0,0,0,Inspire 3
2026-04-11T01:08:17Z,0,0,0,Inspire 3
2026-04-11T01:08:18Z,0,0,0,Inspire 3
