timestamp,steps,data source
2026-04-02T17:17:00Z,7,Inspire 3
2026-04-06T02:43:00Z,7,Inspire 3
2026-04-06T02:44:00Z,37,Inspire 3
2026-04-06T02:47:00Z,16,Inspire 3
2026-04-06T02:48:00Z,25,Inspire 3
2026-04-06T02:49:00Z,11,Inspire 3
2026-04-06T02:50:00Z,7,Inspire 3
2026-04-06T02:53:00Z,14,Inspire 3
2026-04-06T02:54:00Z,2,Inspire 3
2026-04-06T03:18:00Z,10,Inspire 3
2026-04-06T04:22:00Z,5,Inspire 3
2026-04-06T04:24:00Z,4,Inspire 3
2026-04-06T04:26:00Z,19,Inspire 3
2026-04-06T04:27:00Z,33,Inspire 3
2026-04-06T04:28:00Z,27,Inspire 3
2026-04-06T04:29:00Z,21,Inspire 3
2026-04-06T04:39:00Z,5,Inspire 3
2026-04-06T04:56:00Z,6,Inspire 3
2026-04-06T05:42:00Z,7,Inspire 3
2026-04-06T05:54:00Z,31,Inspire 3
2026-04-06T05:57:00Z,20,Inspire 3
2026-04-06T05:58:00Z,9,Inspire 3
2026-04-06T06:03:00Z,8,Inspire 3
2026-04-06T06:22:00Z,10,Inspire 3
2026-04-06T07:18:00Z,35,Inspire 3
2026-04-06T07:19:00Z,22,Inspire 3
2026-04-06T07:23:00Z,7,Inspire 3
2026-04-06T07:24:00Z,16,Inspire 3
2026-04-06T07:25:00Z,11,Inspire 3
2026-04-06T07:26:00Z,11,Inspire 3
2026-04-06T11:18:00Z,6,Inspire 3
2026-04-06T13:21:00Z,7,Inspire 3
2026-04-06T13:25:00Z,31,Inspire 3
2026-04-06T13:26:00Z,8,Inspire 3
2026-04-06T13:27:00Z,7,Inspire 3
2026-04-06T13:28:00Z,32,Inspire 3
2026-04-06T13:29:00Z,19,Inspire 3
2026-04-06T13:30:00Z,29,Inspire 3
2026-04-06T13:31:00Z,7,Inspire 3
2026-04-06T13:33:00Z,10,Inspire 3
2026-04-06T13:35:00Z,8,Inspire 3
2026-04-06T13:37:00Z,18,Inspire 3
2026-04-06T13:38:00Z,7,Inspire 3
2026-04-06T13:39:00Z,10,Inspire 3
2026-04-06T13:40:00Z,13,Inspire 3
2026-04-06T13:41:00Z,109,Inspire 3
2026-04-06T13:42:00Z,2,Inspire 3
2026-04-06T13:43:00Z,107,Inspire 3
2026-04-06T13:44:00Z,108,Inspire 3
2026-04-06T13:45:00Z,106,Inspire 3
2026-04-06T13:46:00Z,112,Inspire 3
2026-04-06T13:47:00Z,109,Inspire 3
2026-04-06T13:48:00Z,91,Inspire 3
2026-04-06T13:49:00Z,56,Inspire 3
2026-04-06T13:50:00Z,21,Inspire 3
2026-04-06T13:51:00Z,42,Inspire 3
2026-04-06T13:53:00Z,27,Inspire 3
2026-04-06T13:54:00Z,55,Inspire 3
2026-04-06T13:55:00Z,10,Inspire 3
2026-04-06T14:09:00Z,48,Inspire 3
2026-04-06T14:10:00Z,88,Inspire 3
2026-04-06T14:11:00Z,85,Inspire 3
2026-04-06T14:12:00Z,11,Inspire 3
2026-04-06T14:18:00Z,11,Inspire 3
2026-04-06T14:19:00Z,19,Inspire 3
2026-04-06T14:20:00Z,5,Inspire 3
2026-04-06T14:21:00Z,53,Inspire 3
2026-04-06T14:22:00Z,92,Inspire 3
2026-04-06T14:23:00Z,60,Inspire 3
2026-04-06T14:24:00Z,54,Inspire 3
2026-04-06T14:25:00Z,85,Inspire 3
2026-04-06T14:26:00Z,16,Inspire 3
2026-04-06T14:34:00Z,42,Inspire 3
2026-04-06T14:37:00Z,6,Inspire 3
2026-04-06T14:45:00Z,7,Inspire 3
2026-04-06T14:46:00Z,8,Inspire 3
2026-04-06T15:26:00Z,5,Inspire 3
2026-04-06T15:42:00Z,71,Inspire 3
2026-04-06T15:43:00Z,111,Inspire 3
2026-04-06T15:44:00Z,100,Inspire 3
2026-04-06T15:45:00Z,100,Inspire 3
2026-04-06T15:46:00Z,108,Inspire 3
2026-04-06T15:47:00Z,79,Inspire 3
2026-04-06T15:48:00Z,68,Inspire 3
2026-04-06T15:49:00Z,12,Inspire 3
2026-04-06T16:04:00Z,9,Inspire 3
2026-04-06T16:09:00Z,8,Inspire 3
2026-04-06T16:59:00Z,7,Inspire 3
2026-04-06T17:03:00Z,29,Inspire 3
2026-04-06T17:04:00Z,21,Inspire 3
2026-04-06T17:05:00Z,25,Inspire 3
2026-04-06T17:06:00Z,9,Inspire 3
2026-04-06T17:07:00Z,64,Inspire 3
2026-04-06T17:08:00Z,10,Inspire 3
2026-04-06T17:24:00Z,6,Inspire 3
2026-04-06T17:26:00Z,6,Inspire 3
2026-04-06T17:34:00Z,9,Inspire 3
2026-04-06T18:27:00Z,25,Inspire 3
2026-04-06T18:29:00Z,16,Inspire 3
2026-04-06T18:30:00Z,8,Inspire 3
2026-04-06T18:31:00Z,72,Inspire 3
2026-04-06T18:32:00Z,67,Inspire 3
2026-04-06T18:33:00Z,79,Inspire 3
2026-04-06T18:34:00Z,100,Inspire 3
2026-04-06T18:35:00Z,96,Inspire 3
2026-04-06T18:36:00Z,95,Inspire 3
2026-04-06T18:37:00Z,5,Inspire 3
2026-04-06T18:39:00Z,81,Inspire 3
2026-04-06T18:40:00Z,69,Inspire 3
2026-04-06T18:41:00Z,77,Inspire 3
2026-04-06T18:42:00Z,55,Inspire 3
2026-04-06T18:43:00Z,33,Inspire 3
2026-04-06T18:50:00Z,18,Inspire 3
2026-04-06T18:51:00Z,9,Inspire 3
2026-04-06T18:52:00Z,22,Inspire 3
2026-04-06T18:53:00Z,51,Inspire 3
2026-04-06T19:44:00Z,12,Inspire 3
2026-04-06T19:46:00Z,6,Inspire 3
2026-04-06T20:20:00Z,36,Inspire 3
2026-04-06T20:22:00Z,25,Inspire 3
2026-04-06T20:23:00Z,67,Inspire 3
2026-04-06T20:24:00Z,14,Inspire 3
2026-04-06T20:25:00Z,8,Inspire 3
2026-04-06T20:26:00Z,17,Inspire 3
2026-04-06T20:27:00Z,56,Inspire 3
2026-04-06T20:28:00Z,89,Inspire 3
2026-04-06T20:29:00Z,95,Inspire 3
2026-04-06T20:30:00Z,106,Inspire 3
2026-04-06T20:31:00Z,94,Inspire 3
2026-04-06T20:32:00Z,9,Inspire 3
2026-04-06T20:33:00Z,17,Inspire 3
2026-04-06T20:55:00Z,16,Inspire 3
2026-04-06T20:56:00Z,96,Inspire 3
2026-04-06T20:57:00Z,31,Inspire 3
2026-04-06T20:58:00Z,57,Inspire 3
2026-04-06T20:59:00Z,73,Inspire 3
2026-04-06T21:00:00Z,84,Inspire 3
2026-04-06T21:01:00Z,97,Inspire 3
2026-04-06T21:02:00Z,100,Inspire 3
2026-04-06T21:03:00Z,98,Inspire 3
2026-04-06T21:04:00Z,93,Inspire 3
2026-04-06T21:05:00Z,94,Inspire 3
2026-04-06T21:06:00Z,97,Inspire 3
2026-04-06T21:07:00Z,59,Inspire 3
2026-04-06T21:08:00Z,24,Inspire 3
2026-04-06T21:09:00Z,44,Inspire 3
2026-04-06T21:10:00Z,22,Inspire 3
2026-04-06T21:11:00Z,9,Inspire 3
2026-04-06T21:13:00Z,7,Inspire 3
2026-04-06T21:14:00Z,19,Inspire 3
2026-04-06T21:15:00Z,4,Inspire 3
2026-04-06T21:16:00Z,9,Inspire 3
2026-04-06T21:17:00Z,11,Inspire 3
2026-04-07T00:32:00Z,13,Inspire 3
2026-04-07T00:36:00Z,15,Inspire 3
2026-04-07T00:37:00Z,11,Inspire 3
2026-04-07T00:44:00Z,7,Inspire 3
2026-04-07T00:45:00Z,9,Inspire 3
2026-04-07T00:46:00Z,17,Inspire 3
2026-04-07T00:47:00Z,11,Inspire 3
2026-04-07T00:49:00Z,26,Inspire 3
2026-04-07T00:51:00Z,6,Inspire 3
2026-04-07T00:52:00Z,5,Inspire 3
2026-04-07T00:53:00Z,9,Inspire 3
2026-04-07T01:23:00Z,19,Inspire 3
2026-04-07T01:35:00Z,26,Inspire 3
2026-04-07T01:42:00Z,7,Inspire 3
2026-04-07T01:43:00Z,7,Inspire 3
2026-04-07T01:59:00Z,9,Inspire 3
2026-04-07T02:00:00Z,25,Inspire 3
2026-04-07T02:01:00Z,65,Inspire 3
2026-04-07T02:02:00Z,7,Inspire 3
2026-04-07T02:07:00Z,5,Inspire 3
2026-04-07T02:20:00Z,8,Inspire 3
2026-04-07T02:23:00Z,8,Inspire 3
2026-04-07T02:29:00Z,20,Inspire 3
2026-04-07T02:36:00Z,9,Inspire 3
2026-04-07T02:46:00Z,6,Inspire 3
2026-04-07T02:47:00Z,10,Inspire 3
2026-04-07T03:27:00Z,11,Inspire 3
2026-04-07T03:37:00Z,5,Inspire 3
2026-04-07T04:02:00Z,31,Inspire 3
2026-04-07T04:06:00Z,9,Inspire 3
2026-04-07T04:07:00Z,1,Inspire 3
2026-04-07T04:12:00Z,7,Inspire 3
2026-04-07T04:17:00Z,17,Inspire 3
2026-04-07T04:18:00Z,5,Inspire 3
2026-04-07T04:19:00Z,26,Inspire 3
2026-04-07T04:20:00Z,15,Inspire 3
2026-04-07T04:34:00Z,20,Inspire 3
2026-04-07T04:35:00Z,32,Inspire 3
2026-04-07T04:37:00Z,27,Inspire 3
2026-04-07T04:39:00Z,7,Inspire 3
2026-04-07T04:40:00Z,20,Inspire 3
2026-04-07T05:13:00Z,7,Inspire 3
2026-04-07T05:45:00Z,44,Inspire 3
2026-04-07T05:46:00Z,19,Inspire 3
2026-04-07T05:57:00Z,8,Inspire 3
2026-04-07T06:30:00Z,9,Inspire 3
2026-04-07T17:51:00Z,12,Inspire 3
2026-04-07T17:55:00Z,9,Inspire 3
2026-04-07T18:01:00Z,8,Inspire 3
2026-04-07T18:04:00Z,12,Inspire 3
2026-04-07T18:06:00Z,17,Inspire 3
2026-04-07T18:16:00Z,10,Inspire 3
2026-04-07T18:25:00Z,14,Inspire 3
2026-04-07T18:35:00Z,6,Inspire 3
2026-04-07T18:41:00Z,11,Inspire 3
2026-04-07T18:43:00Z,7,Inspire 3
2026-04-07T18:48:00Z,27,Inspire 3
2026-04-07T18:51:00Z,17,Inspire 3
2026-04-07T18:52:00Z,49,Inspire 3
2026-04-07T18:53:00Z,16,Inspire 3
2026-04-07T18:54:00Z,3,Inspire 3
2026-04-07T18:55:00Z,31,Inspire 3
2026-04-07T18:56:00Z,47,Inspire 3
2026-04-07T18:57:00Z,56,Inspire 3
2026-04-07T18:58:00Z,31,Inspire 3
2026-04-07T18:59:00Z,31,Inspire 3
2026-04-07T19:00:00Z,34,Inspire 3
2026-04-07T19:01:00Z,27,Inspire 3
2026-04-07T19:02:00Z,24,Inspire 3
2026-04-07T19:03:00Z,6,Inspire 3
2026-04-07T19:04:00Z,31,Inspire 3
2026-04-07T19:05:00Z,15,Inspire 3
2026-04-07T19:06:00Z,31,Inspire 3
2026-04-07T19:08:00Z,23,Inspire 3
2026-04-07T19:10:00Z,4,Inspire 3
2026-04-07T19:11:00Z,45,Inspire 3
2026-04-07T19:12:00Z,40,Inspire 3
2026-04-07T19:16:00Z,19,Inspire 3
2026-04-07T19:17:00Z,10,Inspire 3
2026-04-07T19:19:00Z,46,Inspire 3
2026-04-07T19:20:00Z,13,Inspire 3
2026-04-07T19:25:00Z,10,Inspire 3
2026-04-07T19:27:00Z,9,Inspire 3
2026-04-07T19:30:00Z,11,Inspire 3
2026-04-07T19:34:00Z,4,Inspire 3
2026-04-07T19:41:00Z,6,Inspire 3
2026-04-07T19:57:00Z,7,Inspire 3
2026-04-07T20:06:00Z,8,Inspire 3
2026-04-07T20:08:00Z,5,Inspire 3
2026-04-07T20:19:00Z,17,Inspire 3
2026-04-07T20:34:00Z,6,Inspire 3
2026-04-07T20:35:00Z,9,Inspire 3
2026-04-07T20:44:00Z,16,Inspire 3
2026-04-07T20:45:00Z,78,Inspire 3
2026-04-07T20:46:00Z,33,Inspire 3
2026-04-07T20:47:00Z,14,Inspire 3
2026-04-07T20:48:00Z,51,Inspire 3
2026-04-07T20:49:00Z,54,Inspire 3
2026-04-07T20:50:00Z,35,Inspire 3
2026-04-07T20:51:00Z,31,Inspire 3
2026-04-07T21:01:00Z,11,Inspire 3
2026-04-07T21:02:00Z,31,Inspire 3
2026-04-07T21:07:00Z,11,Inspire 3
2026-04-07T21:17:00Z,81,Inspire 3
2026-04-07T21:18:00Z,8,Inspire 3
2026-04-07T21:21:00Z,14,Inspire 3
2026-04-07T21:31:00Z,4,Inspire 3
2026-04-07T21:51:00Z,17,Inspire 3
2026-04-07T21:57:00Z,11,Inspire 3
2026-04-07T21:58:00Z,11,Inspire 3
2026-04-07T21:59:00Z,8,Inspire 3
2026-04-07T22:02:00Z,58,Inspire 3
2026-04-07T22:03:00Z,41,Inspire 3
2026-04-07T22:11:00Z,32,Inspire 3
2026-04-07T22:12:00Z,7,Inspire 3
2026-04-07T22:13:00Z,13,Inspire 3
2026-04-07T22:14:00Z,8,Inspire 3
2026-04-07T22:15:00Z,31,Inspire 3
2026-04-07T22:16:00Z,19,Inspire 3
2026-04-07T22:17:00Z,16,Inspire 3
2026-04-07T22:18:00Z,20,Inspire 3
2026-04-07T22:19:00Z,23,Inspire 3
2026-04-07T22:20:00Z,10,Inspire 3
2026-04-07T23:43:00Z,6,Inspire 3
2026-04-07T23:53:00Z,17,Inspire 3
2026-04-07T23:54:00Z,9,Inspire 3
2026-04-07T23:55:00Z,31,Inspire 3
2026-04-07T23:56:00Z,18,Inspire 3
2026-04-07T23:57:00Z,14,Inspire 3
2026-04-07T23:58:00Z,35,Inspire 3
2026-04-07T23:59:00Z,16,Inspire 3
2026-04-08T00:00:00Z,56,Inspire 3
2026-04-08T00:09:00Z,23,Inspire 3
2026-04-08T00:10:00Z,6,Inspire 3
2026-04-08T00:12:00Z,24,Inspire 3
2026-04-08T00:13:00Z,59,Inspire 3
2026-04-08T00:14:00Z,93,Inspire 3
2026-04-08T00:15:00Z,10,Inspire 3
2026-04-08T00:51:00Z,7,Inspire 3
2026-04-08T01:01:00Z,35,Inspire 3
2026-04-08T01:02:00Z,68,Inspire 3
2026-04-08T01:03:00Z,61,Inspire 3
2026-04-08T01:04:00Z,33,Inspire 3
2026-04-08T01:07:00Z,14,Inspire 3
2026-04-08T01:08:00Z,19,Inspire 3
2026-04-08T01:09:00Z,41,Inspire 3
2026-04-08T01:10:00Z,23,Inspire 3
2026-04-08T01:12:00Z,24,Inspire 3
2026-04-08T01:19:00Z,5,Inspire 3
2026-04-08T01:28:00Z,10,Inspire 3
2026-04-08T01:29:00Z,7,Inspire 3
2026-04-08T01:30:00Z,14,Inspire 3
2026-04-08T01:45:00Z,15,Inspire 3
2026-04-08T01:46:00Z,23,Inspire 3
2026-04-08T02:20:00Z,12,Inspire 3
2026-04-08T02:21:00Z,8,Inspire 3
2026-04-08T02:22:00Z,61,Inspire 3
2026-04-08T02:23:00Z,40,Inspire 3
2026-04-08T02:24:00Z,52,Inspire 3
2026-04-08T02:25:00Z,14,Inspire 3
2026-04-08T02:29:00Z,23,Inspire 3
2026-04-08T02:30:00Z,5,Inspire 3
2026-04-08T02:31:00Z,18,Inspire 3
2026-04-08T02:32:00Z,19,Inspire 3
2026-04-08T02:33:00Z,25,Inspire 3
2026-04-08T02:34:00Z,28,Inspire 3
2026-04-08T02:35:00Z,11,Inspire 3
2026-04-08T02:36:00Z,28,Inspire 3
2026-04-08T02:37:00Z,45,Inspire 3
2026-04-08T02:38:00Z,45,Inspire 3
2026-04-08T02:39:00Z,30,Inspire 3
2026-04-08T02:45:00Z,14,Inspire 3
2026-04-08T02:47:00Z,10,Inspire 3
2026-04-08T02:49:00Z,10,Inspire 3
2026-04-08T02:50:00Z,23,Inspire 3
2026-04-08T02:51:00Z,11,Inspire 3
2026-04-08T02:57:00Z,7,Inspire 3
2026-04-08T03:06:00Z,7,Inspire 3
2026-04-08T03:59:00Z,7,Inspire 3
2026-04-08T04:02:00Z,22,Inspire 3
2026-04-08T04:07:00Z,9,Inspire 3
2026-04-08T04:34:00Z,7,Inspire 3
2026-04-08T04:35:00Z,4,Inspire 3
2026-04-08T05:23:00Z,15,Inspire 3
2026-04-08T05:25:00Z,10,Inspire 3
2026-04-08T05:26:00Z,17,Inspire 3
2026-04-08T05:28:00Z,10,Inspire 3
2026-04-08T06:36:00Z,17,Inspire 3
2026-04-08T06:37:00Z,16,Inspire 3
2026-04-08T06:39:00Z,24,Inspire 3
2026-04-08T07:51:00Z,6,Inspire 3
2026-04-08T07:52:00Z,8,Inspire 3
2026-04-08T08:01:00Z,6,Inspire 3
2026-04-08T08:02:00Z,7,Inspire 3
2026-04-08T08:28:00Z,7,Inspire 3
2026-04-08T09:46:00Z,12,Inspire 3
2026-04-08T15:31:00Z,15,Inspire 3
2026-04-08T15:32:00Z,4,Inspire 3
2026-04-08T15:33:00Z,12,Inspire 3
2026-04-08T15:35:00Z,4,Inspire 3
2026-04-08T15:56:00Z,9,Inspire 3
2026-04-08T15:57:00Z,9,Inspire 3
2026-04-08T16:09:00Z,8,Inspire 3
2026-04-08T16:11:00Z,29,Inspire 3
2026-04-08T16:34:00Z,10,Inspire 3
2026-04-08T16:44:00Z,14,Inspire 3
2026-04-08T16:45:00Z,8,Inspire 3
2026-04-08T16:46:00Z,14,Inspire 3
2026-04-08T16:47:00Z,17,Inspire 3
2026-04-08T16:48:00Z,16,Inspire 3
2026-04-08T18:38:00Z,11,Inspire 3
2026-04-08T18:39:00Z,45,Inspire 3
2026-04-08T18:40:00Z,26,Inspire 3
2026-04-08T18:50:00Z,19,Inspire 3
2026-04-08T18:51:00Z,6,Inspire 3
2026-04-08T19:13:00Z,10,Inspire 3
2026-04-08T19:14:00Z,6,Inspire 3
2026-04-08T19:15:00Z,12,Inspire 3
2026-04-08T19:16:00Z,4,Inspire 3
2026-04-08T19:17:00Z,17,Inspire 3
2026-04-08T19:18:00Z,31,Inspire 3
2026-04-08T19:19:00Z,30,Inspire 3
2026-04-08T19:20:00Z,28,Inspire 3
2026-04-08T19:21:00Z,32,Inspire 3
2026-04-08T19:22:00Z,53,Inspire 3
2026-04-08T19:23:00Z,42,Inspire 3
2026-04-08T19:24:00Z,27,Inspire 3
2026-04-08T19:25:00Z,45,Inspire 3
2026-04-08T19:26:00Z,25,Inspire 3
2026-04-08T19:28:00Z,38,Inspire 3
2026-04-08T19:30:00Z,27,Inspire 3
2026-04-08T19:31:00Z,42,Inspire 3
2026-04-08T19:32:00Z,46,Inspire 3
2026-04-08T19:33:00Z,41,Inspire 3
2026-04-08T19:34:00Z,65,Inspire 3
2026-04-08T19:35:00Z,33,Inspire 3
2026-04-08T19:36:00Z,10,Inspire 3
2026-04-08T19:37:00Z,8,Inspire 3
2026-04-08T19:38:00Z,4,Inspire 3
2026-04-08T19:39:00Z,19,Inspire 3
2026-04-08T19:43:00Z,11,Inspire 3
2026-04-08T19:44:00Z,9,Inspire 3
2026-04-08T19:47:00Z,10,Inspire 3
2026-04-08T19:50:00Z,4,Inspire 3
2026-04-08T19:51:00Z,9,Inspire 3
2026-04-08T19:52:00Z,11,Inspire 3
2026-04-08T19:53:00Z,10,Inspire 3
2026-04-08T19:58:00Z,10,Inspire 3
2026-04-08T20:00:00Z,10,Inspire 3
2026-04-08T20:01:00Z,8,Inspire 3
2026-04-08T20:05:00Z,19,Inspire 3
2026-04-08T20:06:00Z,29,Inspire 3
2026-04-08T20:08:00Z,18,Inspire 3
2026-04-08T20:09:00Z,41,Inspire 3
2026-04-08T20:12:00Z,6,Inspire 3
2026-04-08T20:13:00Z,83,Inspire 3
2026-04-08T20:14:00Z,47,Inspire 3
2026-04-08T20:20:00Z,85,Inspire 3
2026-04-08T20:21:00Z,28,Inspire 3
2026-04-08T20:22:00Z,4,Inspire 3
2026-04-08T20:24:00Z,40,Inspire 3
2026-04-08T20:25:00Z,70,Inspire 3
2026-04-08T20:28:00Z,11,Inspire 3
2026-04-08T20:29:00Z,15,Inspire 3
2026-04-08T20:30:00Z,20,Inspire 3
2026-04-08T20:31:00Z,39,Inspire 3
2026-04-08T20:32:00Z,25,Inspire 3
2026-04-08T20:33:00Z,8,Inspire 3
2026-04-08T20:35:00Z,27,Inspire 3
2026-04-08T20:36:00Z,3,Inspire 3
2026-04-08T20:40:00Z,37,Inspire 3
2026-04-08T20:41:00Z,16,Inspire 3
2026-04-08T20:42:00Z,22,Inspire 3
2026-04-08T20:43:00Z,33,Inspire 3
2026-04-08T20:44:00Z,12,Inspire 3
2026-04-08T20:48:00Z,39,Inspire 3
2026-04-08T20:49:00Z,20,Inspire 3
2026-04-08T20:50:00Z,12,Inspire 3
2026-04-08T21:10:00Z,16,Inspire 3
2026-04-08T21:11:00Z,13,Inspire 3
2026-04-08T21:14:00Z,9,Inspire 3
2026-04-08T21:15:00Z,19,Inspire 3
2026-04-08T21:16:00Z,32,Inspire 3
2026-04-08T21:17:00Z,14,Inspire 3
2026-04-08T21:19:00Z,16,Inspire 3
2026-04-08T21:20:00Z,32,Inspire 3
2026-04-08T21:30:00Z,15,Inspire 3
2026-04-08T21:31:00Z,5,Inspire 3
2026-04-08T21:33:00Z,9,Inspire 3
2026-04-08T22:14:00Z,23,Inspire 3
2026-04-08T22:15:00Z,53,Inspire 3
2026-04-08T22:16:00Z,26,Inspire 3
2026-04-08T22:18:00Z,20,Inspire 3
2026-04-08T22:19:00Z,16,Inspire 3
2026-04-08T22:23:00Z,8,Inspire 3
2026-04-08T22:24:00Z,11,Inspire 3
2026-04-08T22:26:00Z,27,Inspire 3
2026-04-08T22:27:00Z,34,Inspire 3
2026-04-08T22:28:00Z,49,Inspire 3
2026-04-08T22:30:00Z,25,Inspire 3
2026-04-08T22:31:00Z,8,Inspire 3
2026-04-08T22:33:00Z,14,Inspire 3
2026-04-08T22:34:00Z,7,Inspire 3
2026-04-08T22:35:00Z,9,Inspire 3
2026-04-08T22:36:00Z,35,Inspire 3
2026-04-08T22:37:00Z,8,Inspire 3
2026-04-08T22:40:00Z,8,Inspire 3
2026-04-08T22:41:00Z,13,Inspire 3
2026-04-08T22:43:00Z,10,Inspire 3
2026-04-08T22:44:00Z,24,Inspire 3
2026-04-08T22:45:00Z,50,Inspire 3
2026-04-08T22:46:00Z,49,Inspire 3
2026-04-08T22:48:00Z,48,Inspire 3
2026-04-08T22:50:00Z,40,Inspire 3
2026-04-08T22:53:00Z,24,Inspire 3
2026-04-08T22:59:00Z,5,Inspire 3
2026-04-08T23:02:00Z,9,Inspire 3
2026-04-08T23:06:00Z,5,Inspire 3
2026-04-08T23:08:00Z,23,Inspire 3
2026-04-08T23:09:00Z,22,Inspire 3
2026-04-08T23:10:00Z,29,Inspire 3
2026-04-08T23:17:00Z,9,Inspire 3
2026-04-08T23:19:00Z,13,Inspire 3
2026-04-08T23:20:00Z,19,Inspire 3
2026-04-08T23:21:00Z,43,Inspire 3
2026-04-08T23:22:00Z,6,Inspire 3
2026-04-08T23:23:00Z,27,Inspire 3
2026-04-08T23:24:00Z,1,Inspire 3
2026-04-08T23:26:00Z,21,Inspire 3
2026-04-08T23:30:00Z,11,Inspire 3
2026-04-08T23:31:00Z,17,Inspire 3
2026-04-08T23:32:00Z,6,Inspire 3
2026-04-08T23:36:00Z,56,Inspire 3
2026-04-08T23:37:00Z,70,Inspire 3
2026-04-08T23:38:00Z,58,Inspire 3
2026-04-08T23:39:00Z,29,Inspire 3
2026-04-08T23:40:00Z,31,Inspire 3
2026-04-08T23:41:00Z,14,Inspire 3
2026-04-08T23:42:00Z,18,Inspire 3
2026-04-08T23:43:00Z,12,Inspire 3
2026-04-08T23:45:00Z,6,Inspire 3
2026-04-08T23:46:00Z,24,Inspire 3
2026-04-08T23:47:00Z,6,Inspire 3
2026-04-08T23:48:00Z,17,Inspire 3
2026-04-08T23:49:00Z,9,Inspire 3
2026-04-08T23:50:00Z,33,Inspire 3
2026-04-08T23:51:00Z,19,Inspire 3
2026-04-08T23:52:00Z,13,Inspire 3
2026-04-08T23:53:00Z,17,Inspire 3
2026-04-08T23:54:00Z,27,Inspire 3
2026-04-08T23:55:00Z,7,Inspire 3
2026-04-08T23:56:00Z,7,Inspire 3
2026-04-08T23:57:00Z,26,Inspire 3
2026-04-08T23:58:00Z,53,Inspire 3
2026-04-08T23:59:00Z,46,Inspire 3
2026-04-09T00:00:00Z,35,Inspire 3
2026-04-09T00:01:00Z,9,Inspire 3
2026-04-09T00:02:00Z,5,Inspire 3
2026-04-09T00:03:00Z,49,Inspire 3
2026-04-09T00:04:00Z,9,Inspire 3
2026-04-09T00:05:00Z,5,Inspire 3
2026-04-09T00:06:00Z,25,Inspire 3
2026-04-09T00:07:00Z,14,Inspire 3
2026-04-09T00:14:00Z,6,Inspire 3
2026-04-09T00:15:00Z,31,Inspire 3
2026-04-09T00:17:00Z,30,Inspire 3
2026-04-09T00:18:00Z,13,Inspire 3
2026-04-09T00:19:00Z,38,Inspire 3
2026-04-09T00:20:00Z,1,Inspire 3
2026-04-09T00:26:00Z,9,Inspire 3
2026-04-09T00:27:00Z,8,Inspire 3
2026-04-09T00:30:00Z,14,Inspire 3
2026-04-09T00:32:00Z,9,Inspire 3
2026-04-09T00:34:00Z,17,Inspire 3
2026-04-09T00:35:00Z,6,Inspire 3
2026-04-09T00:41:00Z,18,Inspire 3
2026-04-09T00:43:00Z,21,Inspire 3
2026-04-09T00:44:00Z,14,Inspire 3
2026-04-09T00:45:00Z,9,Inspire 3
2026-04-09T00:46:00Z,16,Inspire 3
2026-04-09T00:47:00Z,43,Inspire 3
2026-04-09T00:48:00Z,22,Inspire 3
2026-04-09T00:50:00Z,12,Inspire 3
2026-04-09T00:51:00Z,26,Inspire 3
2026-04-09T00:52:00Z,14,Inspire 3
2026-04-09T00:53:00Z,23,Inspire 3
2026-04-09T00:54:00Z,5,Inspire 3
2026-04-09T00:55:00Z,23,Inspire 3
2026-04-09T00:56:00Z,20,Inspire 3
2026-04-09T00:57:00Z,12,Inspire 3
2026-04-09T00:58:00Z,24,Inspire 3
2026-04-09T00:59:00Z,5,Inspire 3
2026-04-09T01:00:00Z,39,Inspire 3
2026-04-09T01:01:00Z,8,Inspire 3
2026-04-09T01:09:00Z,19,Inspire 3
2026-04-09T01:10:00Z,14,Inspire 3
2026-04-09T01:12:00Z,4,Inspire 3
2026-04-09T01:13:00Z,18,Inspire 3
2026-04-09T01:14:00Z,26,Inspire 3
2026-04-09T01:15:00Z,52,Inspire 3
2026-04-09T01:16:00Z,23,Inspire 3
2026-04-09T01:18:00Z,7,Inspire 3
2026-04-09T01:19:00Z,15,Inspire 3
2026-04-09T01:22:00Z,7,Inspire 3
2026-04-09T01:31:00Z,7,Inspire 3
2026-04-09T02:47:00Z,7,Inspire 3
2026-04-09T03:08:00Z,13,Inspire 3
2026-04-09T03:13:00Z,7,Inspire 3
2026-04-09T03:14:00Z,27,Inspire 3
2026-04-09T03:16:00Z,28,Inspire 3
2026-04-09T03:17:00Z,9,Inspire 3
2026-04-09T03:18:00Z,11,Inspire 3
2026-04-09T03:22:00Z,14,Inspire 3
2026-04-09T03:23:00Z,13,Inspire 3
2026-04-09T03:27:00Z,22,Inspire 3
2026-04-09T03:28:00Z,7,Inspire 3
2026-04-09T03:29:00Z,25,Inspire 3
2026-04-09T03:47:00Z,7,Inspire 3
2026-04-09T03:50:00Z,4,Inspire 3
2026-04-09T03:52:00Z,13,Inspire 3
2026-04-09T03:53:00Z,22,Inspire 3
2026-04-09T03:54:00Z,4,Inspire 3
2026-04-09T04:27:00Z,14,Inspire 3
2026-04-09T04:44:00Z,7,Inspire 3
2026-04-09T05:02:00Z,8,Inspire 3
2026-04-09T05:37:00Z,18,Inspire 3
2026-04-09T05:39:00Z,9,Inspire 3
2026-04-09T05:40:00Z,8,Inspire 3
2026-04-09T05:48:00Z,8,Inspire 3
2026-04-09T07:14:00Z,6,Inspire 3
2026-04-09T07:58:00Z,11,Inspire 3
2026-04-09T08:00:00Z,29,Inspire 3
2026-04-09T09:13:00Z,7,Inspire 3
2026-04-09T13:44:00Z,4,Inspire 3
2026-04-09T13:45:00Z,11,Inspire 3
2026-04-09T13:46:00Z,18,Inspire 3
2026-04-09T13:47:00Z,33,Inspire 3
2026-04-09T13:50:00Z,25,Inspire 3
2026-04-09T13:51:00Z,45,Inspire 3
2026-04-09T13:53:00Z,4,Inspire 3
2026-04-09T13:55:00Z,27,Inspire 3
2026-04-09T13:56:00Z,15,Inspire 3
2026-04-09T13:57:00Z,44,Inspire 3
2026-04-09T13:58:00Z,25,Inspire 3
2026-04-09T13:59:00Z,55,Inspire 3
2026-04-09T14:00:00Z,27,Inspire 3
2026-04-09T14:49:00Z,5,Inspire 3
2026-04-09T15:05:00Z,38,Inspire 3
2026-04-09T15:07:00Z,28,Inspire 3
2026-04-09T15:08:00Z,87,Inspire 3
2026-04-09T15:09:00Z,92,Inspire 3
2026-04-09T15:10:00Z,37,Inspire 3
2026-04-09T15:11:00Z,14,Inspire 3
2026-04-09T15:14:00Z,30,Inspire 3
2026-04-09T15:15:00Z,34,Inspire 3
2026-04-09T15:16:00Z,42,Inspire 3
2026-04-09T15:17:00Z,10,Inspire 3
2026-04-09T15:44:00Z,63,Inspire 3
2026-04-09T15:45:00Z,55,Inspire 3
2026-04-09T15:46:00Z,47,Inspire 3
2026-04-09T15:48:00Z,15,Inspire 3
2026-04-09T15:49:00Z,4,Inspire 3
2026-04-09T15:50:00Z,66,Inspire 3
2026-04-09T15:51:00Z,23,Inspire 3
2026-04-09T15:54:00Z,20,Inspire 3
2026-04-09T16:02:00Z,17,Inspire 3
2026-04-09T16:03:00Z,8,Inspire 3
2026-04-09T16:05:00Z,23,Inspire 3
2026-04-09T16:41:00Z,5,Inspire 3
2026-04-09T16:42:00Z,8,Inspire 3
2026-04-09T17:34:00Z,10,Inspire 3
2026-04-09T18:45:00Z,22,Inspire 3
2026-04-09T18:46:00Z,25,Inspire 3
2026-04-09T18:48:00Z,11,Inspire 3
2026-04-09T18:49:00Z,12,Inspire 3
2026-04-09T18:50:00Z,22,Inspire 3
2026-04-09T18:51:00Z,10,Inspire 3
2026-04-09T18:52:00Z,5,Inspire 3
2026-04-09T19:30:00Z,7,Inspire 3
2026-04-09T19:31:00Z,9,Inspire 3
2026-04-09T19:32:00Z,31,Inspire 3
2026-04-09T19:33:00Z,51,Inspire 3
2026-04-09T19:34:00Z,40,Inspire 3
2026-04-09T19:36:00Z,78,Inspire 3
2026-04-09T19:37:00Z,53,Inspire 3
2026-04-09T19:38:00Z,39,Inspire 3
2026-04-09T19:39:00Z,59,Inspire 3
2026-04-09T19:40:00Z,46,Inspire 3
2026-04-09T19:41:00Z,7,Inspire 3
2026-04-09T19:42:00Z,22,Inspire 3
2026-04-09T19:51:00Z,6,Inspire 3
2026-04-09T19:56:00Z,6,Inspire 3
2026-04-09T20:04:00Z,11,Inspire 3
2026-04-09T20:05:00Z,35,Inspire 3
2026-04-09T20:06:00Z,8,Inspire 3
2026-04-09T20:09:00Z,21,Inspire 3
2026-04-09T20:22:00Z,10,Inspire 3
2026-04-09T20:25:00Z,8,Inspire 3
2026-04-09T20:32:00Z,7,Inspire 3
2026-04-09T20:33:00Z,34,Inspire 3
2026-04-09T20:34:00Z,26,Inspire 3
2026-04-09T20:35:00Z,10,Inspire 3
2026-04-09T20:36:00Z,61,Inspire 3
2026-04-09T20:37:00Z,43,Inspire 3
2026-04-09T20:38:00Z,56,Inspire 3
2026-04-09T20:39:00Z,32,Inspire 3
2026-04-09T20:44:00Z,28,Inspire 3
2026-04-09T20:45:00Z,4,Inspire 3
2026-04-09T20:49:00Z,14,Inspire 3
2026-04-09T20:50:00Z,13,Inspire 3
2026-04-09T21:05:00Z,11,Inspire 3
2026-04-09T21:08:00Z,6,Inspire 3
2026-04-09T21:09:00Z,31,Inspire 3
2026-04-09T21:10:00Z,21,Inspire 3
2026-04-09T21:11:00Z,15,Inspire 3
2026-04-09T21:12:00Z,1,Inspire 3
2026-04-09T21:13:00Z,8,Inspire 3
2026-04-09T21:14:00Z,27,Inspire 3
2026-04-09T21:15:00Z,30,Inspire 3
2026-04-09T21:16:00Z,26,Inspire 3
2026-04-09T21:17:00Z,12,Inspire 3
2026-04-09T21:18:00Z,17,Inspire 3
2026-04-09T21:19:00Z,16,Inspire 3
2026-04-09T21:21:00Z,31,Inspire 3
2026-04-09T21:57:00Z,6,Inspire 3
2026-04-09T21:58:00Z,1,Inspire 3
2026-04-09T22:26:00Z,6,Inspire 3
2026-04-09T22:29:00Z,8,Inspire 3
2026-04-10T00:37:00Z,6,Inspire 3
2026-04-10T00:47:00Z,27,Inspire 3
2026-04-10T00:49:00Z,6,Inspire 3
2026-04-10T00:50:00Z,10,Inspire 3
2026-04-10T00:51:00Z,24,Inspire 3
2026-04-10T00:52:00Z,5,Inspire 3
2026-04-10T00:53:00Z,20,Inspire 3
2026-04-10T00:54:00Z,39,Inspire 3
2026-04-10T00:55:00Z,30,Inspire 3
2026-04-10T01:04:00Z,16,Inspire 3
2026-04-10T01:05:00Z,23,Inspire 3
2026-04-10T01:06:00Z,8,Inspire 3
2026-04-10T01:24:00Z,6,Inspire 3
2026-04-10T01:25:00Z,25,Inspire 3
2026-04-10T01:26:00Z,26,Inspire 3
2026-04-10T01:28:00Z,22,Inspire 3
2026-04-10T01:36:00Z,25,Inspire 3
2026-04-10T01:38:00Z,18,Inspire 3
2026-04-10T01:42:00Z,28,Inspire 3
2026-04-10T01:44:00Z,59,Inspire 3
2026-04-10T01:45:00Z,9,Inspire 3
2026-04-10T01:47:00Z,7,Inspire 3
2026-04-10T01:48:00Z,17,Inspire 3
2026-04-10T01:49:00Z,11,Inspire 3
2026-04-10T01:50:00Z,12,Inspire 3
2026-04-10T01:51:00Z,8,Inspire 3
2026-04-10T01:52:00Z,5,Inspire 3
2026-04-10T01:53:00Z,22,Inspire 3
2026-04-10T01:54:00Z,13,Inspire 3
2026-04-10T01:56:00Z,10,Inspire 3
2026-04-10T01:59:00Z,7,Inspire 3
2026-04-10T02:00:00Z,13,Inspire 3
2026-04-10T02:11:00Z,13,Inspire 3
2026-04-10T02:14:00Z,7,Inspire 3
2026-04-10T02:24:00Z,31,Inspire 3
2026-04-10T02:25:00Z,25,Inspire 3
2026-04-10T02:26:00Z,26,Inspire 3
2026-04-10T03:13:00Z,12,Inspire 3
2026-04-10T03:14:00Z,9,Inspire 3
2026-04-10T03:50:00Z,7,Inspire 3
2026-04-10T03:58:00Z,40,Inspire 3
2026-04-10T04:00:00Z,37,Inspire 3
2026-04-10T04:01:00Z,3,Inspire 3
2026-04-10T04:02:00Z,10,Inspire 3
2026-04-10T04:21:00Z,9,Inspire 3
2026-04-10T04:38:00Z,9,Inspire 3
2026-04-10T04:40:00Z,6,Inspire 3
2026-04-10T04:44:00Z,29,Inspire 3
2026-04-10T05:07:00Z,9,Inspire 3
2026-04-10T05:57:00Z,7,Inspire 3
2026-04-10T05:58:00Z,25,Inspire 3
2026-04-10T06:00:00Z,21,Inspire 3
2026-04-10T06:01:00Z,9,Inspire 3
2026-04-10T11:55:00Z,7,Inspire 3
2026-04-10T12:14:00Z,23,Inspire 3
2026-04-10T12:20:00Z,21,Inspire 3
2026-04-10T12:21:00Z,28,Inspire 3
2026-04-10T12:22:00Z,20,Inspire 3
2026-04-10T12:23:00Z,25,Inspire 3
2026-04-10T12:24:00Z,16,Inspire 3
2026-04-10T12:25:00Z,5,Inspire 3
2026-04-10T12:26:00Z,20,Inspire 3
2026-04-10T12:27:00Z,27,Inspire 3
2026-04-10T12:31:00Z,8,Inspire 3
2026-04-10T12:33:00Z,33,Inspire 3
2026-04-10T12:35:00Z,14,Inspire 3
2026-04-10T12:36:00Z,18,Inspire 3
2026-04-10T12:37:00Z,24,Inspire 3
2026-04-10T12:38:00Z,27,Inspire 3
2026-04-10T12:39:00Z,39,Inspire 3
2026-04-10T12:40:00Z,19,Inspire 3
2026-04-10T12:41:00Z,51,Inspire 3
2026-04-10T12:42:00Z,45,Inspire 3
2026-04-10T12:46:00Z,23,Inspire 3
2026-04-10T12:47:00Z,25,Inspire 3
2026-04-10T12:54:00Z,23,Inspire 3
2026-04-10T13:10:00Z,27,Inspire 3
2026-04-10T13:12:00Z,15,Inspire 3
2026-04-10T13:13:00Z,32,Inspire 3
2026-04-10T13:14:00Z,72,Inspire 3
2026-04-10T13:15:00Z,13,Inspire 3
2026-04-10T13:18:00Z,29,Inspire 3
2026-04-10T13:19:00Z,12,Inspire 3
2026-04-10T13:21:00Z,55,Inspire 3
2026-04-10T13:22:00Z,34,Inspire 3
2026-04-10T13:23:00Z,11,Inspire 3
2026-04-10T13:25:00Z,30,Inspire 3
2026-04-10T13:33:00Z,10,Inspire 3
2026-04-10T13:34:00Z,4,Inspire 3
2026-04-10T13:42:00Z,72,Inspire 3
2026-04-10T13:43:00Z,93,Inspire 3
2026-04-10T13:44:00Z,48,Inspire 3
2026-04-10T13:45:00Z,47,Inspire 3
2026-04-10T13:46:00Z,29,Inspire 3
2026-04-10T13:47:00Z,37,Inspire 3
2026-04-10T13:48:00Z,8,Inspire 3
2026-04-10T13:49:00Z,18,Inspire 3
2026-04-10T14:12:00Z,9,Inspire 3
2026-04-10T14:13:00Z,41,Inspire 3
2026-04-10T14:14:00Z,13,Inspire 3
2026-04-10T14:20:00Z,20,Inspire 3
2026-04-10T14:21:00Z,12,Inspire 3
2026-04-10T14:22:00Z,18,Inspire 3
2026-04-10T14:35:00Z,7,Inspire 3
2026-04-10T14:36:00Z,8,Inspire 3
2026-04-10T14:39:00Z,45,Inspire 3
2026-04-10T14:40:00Z,69,Inspire 3
2026-04-10T14:41:00Z,70,Inspire 3
2026-04-10T14:42:00Z,51,Inspire 3
2026-04-10T14:43:00Z,11,Inspire 3
2026-04-10T14:49:00Z,5,Inspire 3
2026-04-10T14:56:00Z,12,Inspire 3
2026-04-10T15:05:00Z,6,Inspire 3
2026-04-10T15:23:00Z,12,Inspire 3
2026-04-10T15:31:00Z,7,Inspire 3
2026-04-10T15:32:00Z,15,Inspire 3
2026-04-10T15:33:00Z,37,Inspire 3
2026-04-10T15:36:00Z,18,Inspire 3
2026-04-10T15:37:00Z,61,Inspire 3
2026-04-10T15:38:00Z,24,Inspire 3
2026-04-10T15:39:00Z,7,Inspire 3
2026-04-10T15:40:00Z,16,Inspire 3
2026-04-10T15:47:00Z,24,Inspire 3
2026-04-10T15:50:00Z,17,Inspire 3
2026-04-10T15:51:00Z,24,Inspire 3
2026-04-10T15:52:00Z,14,Inspire 3
2026-04-10T16:00:00Z,6,Inspire 3
2026-04-10T16:35:00Z,22,Inspire 3
2026-04-10T16:36:00Z,8,Inspire 3
2026-04-10T16:43:00Z,12,Inspire 3
2026-04-10T17:11:00Z,10,Inspire 3
2026-04-10T17:16:00Z,13,Inspire 3
2026-04-10T17:17:00Z,10,Inspire 3
2026-04-10T17:18:00Z,15,Inspire 3
2026-04-10T17:19:00Z,37,Inspire 3
2026-04-10T17:20:00Z,9,Inspire 3
2026-04-10T17:45:00Z,30,Inspire 3
2026-04-10T17:46:00Z,5,Inspire 3
2026-04-10T17:49:00Z,19,Inspire 3
2026-04-10T17:50:00Z,21,Inspire 3
2026-04-10T17:51:00Z,3,Inspire 3
2026-04-10T18:33:00Z,14,Inspire 3
2026-04-10T18:43:00Z,12,Inspire 3
2026-04-10T18:44:00Z,31,Inspire 3
2026-04-10T18:45:00Z,3,Inspire 3
2026-04-10T18:46:00Z,6,Inspire 3
2026-04-10T19:08:00Z,13,Inspire 3
2026-04-10T19:09:00Z,9,Inspire 3
2026-04-10T19:10:00Z,47,Inspire 3
2026-04-10T19:11:00Z,6,Inspire 3
2026-04-10T19:13:00Z,45,Inspire 3
2026-04-10T19:14:00Z,11,Inspire 3
2026-04-10T19:15:00Z,50,Inspire 3
2026-04-10T19:16:00Z,17,Inspire 3
2026-04-10T19:17:00Z,11,Inspire 3
2026-04-10T19:18:00Z,10,Inspire 3
2026-04-10T19:20:00Z,16,Inspire 3
2026-04-10T19:21:00Z,11,Inspire 3
2026-04-10T19:22:00Z,15,Inspire 3
2026-04-10T19:24:00Z,17,Inspire 3
2026-04-10T19:25:00Z,14,Inspire 3
2026-04-10T19:26:00Z,16,Inspire 3
2026-04-10T19:27:00Z,4,Inspire 3
2026-04-10T20:04:00Z,7,Inspire 3
2026-04-10T21:16:00Z,26,Inspire 3
2026-04-10T21:17:00Z,9,Inspire 3
2026-04-10T21:19:00Z,24,Inspire 3
2026-04-10T21:20:00Z,14,Inspire 3
2026-04-10T21:21:00Z,39,Inspire 3
2026-04-10T21:22:00Z,28,Inspire 3
2026-04-10T21:23:00Z,4,Inspire 3
2026-04-10T21:24:00Z,50,Inspire 3
2026-04-10T21:25:00Z,21,Inspire 3
2026-04-10T21:26:00Z,37,Inspire 3
2026-04-10T21:28:00Z,8,Inspire 3
2026-04-10T21:30:00Z,20,Inspire 3
2026-04-10T21:39:00Z,4,Inspire 3
2026-04-10T21:44:00Z,14,Inspire 3
2026-04-10T21:47:00Z,6,Inspire 3
2026-04-10T21:50:00Z,10,Inspire 3
2026-04-10T21:54:00Z,8,Inspire 3
2026-04-10T21:56:00Z,7,Inspire 3
2026-04-10T21:58:00Z,16,Inspire 3
2026-04-10T21:59:00Z,8,Inspire 3
2026-04-10T22:00:00Z,6,Inspire 3
2026-04-10T22:03:00Z,33,Inspire 3
2026-04-10T22:04:00Z,32,Inspire 3
2026-04-10T22:05:00Z,26,Inspire 3
2026-04-10T22:06:00Z,8,Inspire 3
2026-04-10T22:07:00Z,15,Inspire 3
2026-04-10T22:08:00Z,13,Inspire 3
2026-04-10T22:10:00Z,19,Inspire 3
2026-04-10T22:11:00Z,61,Inspire 3
2026-04-10T22:12:00Z,86,Inspire 3
2026-04-10T22:13:00Z,27,Inspire 3
2026-04-10T22:14:00Z,2,Inspire 3
2026-04-10T22:17:00Z,24,Inspire 3
2026-04-10T22:21:00Z,8,Inspire 3
2026-04-10T22:29:00Z,66,Inspire 3
2026-04-10T22:30:00Z,87,Inspire 3
2026-04-10T22:31:00Z,100,Inspire 3
2026-04-10T22:32:00Z,90,Inspire 3
2026-04-10T22:33:00Z,88,Inspire 3
2026-04-10T22:34:00Z,92,Inspire 3
2026-04-10T22:35:00Z,8,Inspire 3
2026-04-10T22:38:00Z,31,Inspire 3
2026-04-10T22:46:00Z,4,Inspire 3
2026-04-10T22:47:00Z,4,Inspire 3
2026-04-10T22:57:00Z,10,Inspire 3
2026-04-10T22:58:00Z,11,Inspire 3
2026-04-10T23:05:00Z,43,Inspire 3
2026-04-10T23:06:00Z,23,Inspire 3
2026-04-10T23:07:00Z,19,Inspire 3
2026-04-10T23:08:00Z,48,Inspire 3
2026-04-10T23:09:00Z,75,Inspire 3
2026-04-10T23:10:00Z,82,Inspire 3
2026-04-10T23:11:00Z,71,Inspire 3
2026-04-10T23:12:00Z,57,Inspire 3
2026-04-10T23:13:00Z,43,Inspire 3
2026-04-10T23:14:00Z,4,Inspire 3
2026-04-10T23:17:00Z,13,Inspire 3
2026-04-10T23:18:00Z,6,Inspire 3
2026-04-10T23:19:00Z,7,Inspire 3
2026-04-10T23:25:00Z,18,Inspire 3
2026-04-10T23:26:00Z,6,Inspire 3
2026-04-10T23:27:00Z,17,Inspire 3
2026-04-10T23:28:00Z,11,Inspire 3
2026-04-10T23:29:00Z,83,Inspire 3
2026-04-10T23:30:00Z,26,Inspire 3
2026-04-10T23:32:00Z,8,Inspire 3
2026-04-10T23:33:00Z,11,Inspire 3
2026-04-10T23:34:00Z,51,Inspire 3
2026-04-10T23:35:00Z,70,Inspire 3
2026-04-10T23:36:00Z,59,Inspire 3
2026-04-10T23:37:00Z,13,Inspire 3
2026-04-10T23:38:00Z,84,Inspire 3
2026-04-10T23:39:00Z,30,Inspire 3
2026-04-10T23:43:00Z,12,Inspire 3
2026-04-10T23:47:00Z,8,Inspire 3
2026-04-10T23:48:00Z,39,Inspire 3
2026-04-10T23:49:00Z,27,Inspire 3
2026-04-10T23:51:00Z,57,Inspire 3
2026-04-10T23:52:00Z,16,Inspire 3
2026-04-10T23:53:00Z,7,Inspire 3
2026-04-10T23:54:00Z,6,Inspire 3
2026-04-10T23:55:00Z,31,Inspire 3
2026-04-10T23:56:00Z,59,Inspire 3
2026-04-10T23:57:00Z,76,Inspire 3
2026-04-10T23:58:00Z,94,Inspire 3
2026-04-10T23:59:00Z,98,Inspire 3
2026-04-11T00:00:00Z,101,Inspire 3
2026-04-11T00:01:00Z,102,Inspire 3
2026-04-11T00:02:00Z,99,Inspire 3
2026-04-11T00:03:00Z,97,Inspire 3
2026-04-11T00:04:00Z,88,Inspire 3
2026-04-11T00:05:00Z,29,Inspire 3
2026-04-11T00:06:00Z,57,Inspire 3
2026-04-11T00:07:00Z,98,Inspire 3
2026-04-11T00:08:00Z,64,Inspire 3
2026-04-11T00:09:00Z,36,Inspire 3
2026-04-11T00:10:00Z,14,Inspire 3
2026-04-11T00:11:00Z,36,Inspire 3
2026-04-11T00:13:00Z,13,Inspire 3
2026-04-11T00:14:00Z,3,Inspire 3
2026-04-11T00:16:00Z,12,Inspire 3
2026-04-11T00:17:00Z,13,Inspire 3
2026-04-11T00:18:00Z,9,Inspire 3
2026-04-11T00:19:00Z,27,Inspire 3
2026-04-11T00:22:00Z,30,Inspire 3
2026-04-11T00:23:00Z,44,Inspire 3
2026-04-11T00:24:00Z,67,Inspire 3
2026-04-11T00:25:00Z,50,Inspire 3
2026-04-11T00:26:00Z,26,Inspire 3
2026-04-11T00:27:00Z,53,Inspire 3
2026-04-11T00:28:00Z,72,Inspire 3
2026-04-11T00:29:00Z,25,Inspire 3
2026-04-11T00:30:00Z,69,Inspire 3
2026-04-11T00:31:00Z,24,Inspire 3
2026-04-11T00:32:00Z,28,Inspire 3
2026-04-11T00:33:00Z,39,Inspire 3
2026-04-11T00:35:00Z,78,Inspire 3
2026-04-11T00:36:00Z,55,Inspire 3
2026-04-11T00:37:00Z,43,Inspire 3
2026-04-11T00:38:00Z,26,Inspire 3
2026-04-11T00:39:00Z,40,Inspire 3
2026-04-11T00:40:00Z,29,Inspire 3
2026-04-11T00:41:00Z,31,Inspire 3
2026-04-11T00:42:00Z,74,Inspire 3
2026-04-11T00:43:00Z,22,Inspire 3
2026-04-11T00:44:00Z,11,Inspire 3
2026-04-11T00:46:00Z,35,Inspire 3
2026-04-11T00:47:00Z,85,Inspire 3
2026-04-11T00:48:00Z,62,Inspire 3
2026-04-11T00:49:00Z,39,Inspire 3
2026-04-11T00:50:00Z,70,Inspire 3
2026-04-11T00:51:00Z,17,Inspire 3
2026-04-11T00:54:00Z,9,Inspire 3
2026-04-11T00:56:00Z,6,Inspire 3
2026-04-11T00:57:00Z,65,Inspire 3
2026-04-11T00:58:00Z,86,Inspire 3
2026-04-11T00:59:00Z,13,Inspire 3
2026-04-11T01:01:00Z,46,Inspire 3
2026-04-11T01:02:00Z,76,Inspire 3
2026-04-11T01:03:00Z,101,Inspire 3
2026-04-11T01:04:00Z,42,Inspire 3
2026-04-11T01:11:00Z,8,Inspire 3
2026-04-11T01:40:00Z,14,Inspire 3
2026-04-11T01:56:00Z,10,Inspire 3
2026-04-11T01:57:00Z,69,Inspire 3
2026-04-11T01:58:00Z,8,Inspire 3
2026-04-11T02:04:00Z,6,Inspire 3
2026-04-11T02:15:00Z,26,Inspire 3
2026-04-11T02:16:00Z,7,Inspire 3
2026-04-11T02:17:00Z,12,Inspire 3
2026-04-11T02:18:00Z,7,Inspire 3
2026-04-11T02:19:00Z,9,Inspire 3
2026-04-11T02:20:00Z,48,Inspire 3
2026-04-11T02:21:00Z,23,Inspire 3
2026-04-11T02:22:00Z,7,Inspire 3
2026-04-11T02:23:00Z,69,Inspire 3
2026-04-11T02:24:00Z,19,Inspire 3
2026-04-11T02:26:00Z,13,Inspire 3
2026-04-11T02:27:00Z,11,Inspire 3
2026-04-11T02:30:00Z,6,Inspire 3
2026-04-11T02:32:00Z,17,Inspire 3
2026-04-11T02:38:00Z,10,Inspire 3
2026-04-11T02:39:00Z,16,Inspire 3
2026-04-11T02:40:00Z,19,Inspire 3
2026-04-11T02:51:00Z,6,Inspire 3
2026-04-11T02:55:00Z,18,Inspire 3
2026-04-11T02:58:00Z,10,Inspire 3
2026-04-11T02:59:00Z,22,Inspire 3
2026-04-11T03:00:00Z,20,Inspire 3
2026-04-11T03:03:00Z,44,Inspire 3
2026-04-11T03:04:00Z,37,Inspire 3
2026-04-11T03:05:00Z,17,Inspire 3
2026-04-11T03:12:00Z,24,Inspire 3
2026-04-11T03:13:00Z,22,Inspire 3
2026-04-11T03:14:00Z,2,Inspire 3
2026-04-11T03:23:00Z,10,Inspire 3
2026-04-11T03:27:00Z,23,Inspire 3
2026-04-11T03:29:00Z,17,Inspire 3
2026-04-11T03:30:00Z,12,Inspire 3
2026-04-11T03:31:00Z,35,Inspire 3
2026-04-11T04:22:00Z,8,Inspire 3
2026-04-11T04:45:00Z,20,Inspire 3
2026-04-11T04:46:00Z,8,Inspire 3
2026-04-11T04:47:00Z,15,Inspire 3
2026-04-11T04:54:00Z,4,Inspire 3
2026-04-11T05:09:00Z,19,Inspire 3
2026-04-11T08:59:00Z,6,Inspire 3
2026-04-11T09:00:00Z,11,Inspire 3
2026-04-11T09:01:00Z,7,Inspire 3
2026-04-11T09:02:00Z,16,Inspire 3
2026-04-11T13:22:00Z,8,Inspire 3
2026-04-11T13:23:00Z,7,Inspire 3
2026-04-11T14:38:00Z,7,Inspire 3
2026-04-11T14:39:00Z,20,Inspire 3
2026-04-11T14:46:00Z,9,Inspire 3
2026-04-11T14:47:00Z,15,Inspire 3
2026-04-11T14:49:00Z,23,Inspire 3
2026-04-11T14:50:00Z,8,Inspire 3
2026-04-11T14:54:00Z,28,Inspire 3
2026-04-11T15:17:00Z,7,Inspire 3
2026-04-11T15:28:00Z,8,Inspire 3
2026-04-11T15:34:00Z,21,Inspire 3
2026-04-11T15:35:00Z,11,Inspire 3
2026-04-11T15:37:00Z,17,Inspire 3
2026-04-11T15:39:00Z,7,Inspire 3
2026-04-11T15:42:00Z,5,Inspire 3
2026-04-11T15:44:00Z,7,Inspire 3
2026-04-11T15:45:00Z,24,Inspire 3
2026-04-11T15:46:00Z,6,Inspire 3
2026-04-11T15:48:00Z,12,Inspire 3
2026-04-11T15:51:00Z,13,Inspire 3
2026-04-11T15:52:00Z,38,Inspire 3
2026-04-11T15:53:00Z,19,Inspire 3
2026-04-11T15:54:00Z,25,Inspire 3
2026-04-11T15:55:00Z,16,Inspire 3
2026-04-11T15:58:00Z,31,Inspire 3
2026-04-11T15:59:00Z,16,Inspire 3
2026-04-11T16:00:00Z,18,Inspire 3
2026-04-11T16:01:00Z,70,Inspire 3
2026-04-11T16:02:00Z,72,Inspire 3
2026-04-11T16:03:00Z,3,Inspire 3
2026-04-11T16:04:00Z,15,Inspire 3
2026-04-11T16:05:00Z,9,Inspire 3
2026-04-11T16:06:00Z,7,Inspire 3
2026-04-11T16:08:00Z,11,Inspire 3
2026-04-11T16:10:00Z,15,Inspire 3
2026-04-11T16:11:00Z,56,Inspire 3
2026-04-11T16:12:00Z,32,Inspire 3
2026-04-11T16:13:00Z,6,Inspire 3
2026-04-11T16:15:00Z,26,Inspire 3
2026-04-11T16:16:00Z,19,Inspire 3
2026-04-11T16:18:00Z,13,Inspire 3
2026-04-11T16:21:00Z,24,Inspire 3
2026-04-11T16:22:00Z,19,Inspire 3
2026-04-11T16:26:00Z,8,Inspire 3
2026-04-11T16:42:00Z,7,Inspire 3
2026-04-11T16:43:00Z,39,Inspire 3
2026-04-11T16:44:00Z,16,Inspire 3
2026-04-11T16:45:00Z,21,Inspire 3
2026-04-11T17:00:00Z,37,Inspire 3
2026-04-11T17:01:00Z,32,Inspire 3
2026-04-11T17:02:00Z,13,Inspire 3
2026-04-11T17:03:00Z,7,Inspire 3
2026-04-11T17:04:00Z,36,Inspire 3
2026-04-11T17:05:00Z,18,Inspire 3
2026-04-11T17:06:00Z,6,Inspire 3
2026-04-11T17:07:00Z,8,Inspire 3
2026-04-11T17:08:00Z,33,Inspire 3
2026-04-11T17:09:00Z,28,Inspire 3
2026-04-11T17:44:00Z,17,Inspire 3
2026-04-11T17:45:00Z,17,Inspire 3
2026-04-11T17:46:00Z,27,Inspire 3
2026-04-11T17:47:00Z,8,Inspire 3
2026-04-11T17:48:00Z,4,Inspire 3
2026-04-11T17:49:00Z,7,Inspire 3
2026-04-11T17:50:00Z,13,Inspire 3
2026-04-11T18:07:00Z,9,Inspire 3
2026-04-11T18:12:00Z,10,Inspire 3
2026-04-11T18:15:00Z,20,Inspire 3
2026-04-11T18:58:00Z,10,Inspire 3
2026-04-11T18:59:00Z,4,Inspire 3
2026-04-11T19:00:00Z,8,Inspire 3
2026-04-11T19:17:00Z,8,Inspire 3
2026-04-11T21:32:00Z,9,Inspire 3
2026-04-11T21:33:00Z,23,Inspire 3
2026-04-11T21:35:00Z,10,Inspire 3
2026-04-11T21:39:00Z,7,Inspire 3
2026-04-11T21:40:00Z,14,Inspire 3
2026-04-11T21:41:00Z,22,Inspire 3
2026-04-11T21:43:00Z,31,Inspire 3
2026-04-11T21:44:00Z,5,Inspire 3
2026-04-11T21:45:00Z,29,Inspire 3
2026-04-11T21:46:00Z,33,Inspire 3
2026-04-11T21:47:00Z,58,Inspire 3
2026-04-11T21:48:00Z,22,Inspire 3
2026-04-11T21:49:00Z,44,Inspire 3
2026-04-11T21:50:00Z,49,Inspire 3
2026-04-11T21:51:00Z,1,Inspire 3
2026-04-11T21:53:00Z,44,Inspire 3
2026-04-11T21:54:00Z,20,Inspire 3
2026-04-11T21:59:00Z,16,Inspire 3
2026-04-11T22:00:00Z,14,Inspire 3
2026-04-11T22:01:00Z,7,Inspire 3
2026-04-11T22:08:00Z,4,Inspire 3
2026-04-11T22:09:00Z,7,Inspire 3
2026-04-11T22:10:00Z,8,Inspire 3
2026-04-11T22:13:00Z,6,Inspire 3
2026-04-11T22:14:00Z,7,Inspire 3
2026-04-11T22:16:00Z,10,Inspire 3
2026-04-11T22:25:00Z,12,Inspire 3
2026-04-11T22:27:00Z,17,Inspire 3
2026-04-11T22:28:00Z,4,Inspire 3
2026-04-11T22:38:00Z,4,Inspire 3
2026-04-11T22:49:00Z,12,Inspire 3
2026-04-11T22:52:00Z,5,Inspire 3
2026-04-11T22:54:00Z,7,Inspire 3
2026-04-11T22:55:00Z,21,Inspire 3
2026-04-11T22:56:00Z,44,Inspire 3
2026-04-11T22:57:00Z,15,Inspire 3
2026-04-11T22:58:00Z,49,Inspire 3
2026-04-11T23:20:00Z,9,Inspire 3
2026-04-11T23:26:00Z,10,Inspire 3
2026-04-11T23:28:00Z,11,Inspire 3
2026-04-11T23:41:00Z,37,Inspire 3
2026-04-12T00:03:00Z,9,Inspire 3
2026-04-12T00:04:00Z,39,Inspire 3
2026-04-12T00:05:00Z,22,Inspire 3
2026-04-12T00:06:00Z,4,Inspire 3
2026-04-12T00:10:00Z,72,Inspire 3
2026-04-12T00:15:00Z,6,Inspire 3
2026-04-12T00:19:00Z,25,Inspire 3
2026-04-12T00:22:00Z,6,Inspire 3
2026-04-12T00:23:00Z,14,Inspire 3
2026-04-12T00:24:00Z,37,Inspire 3
2026-04-12T00:25:00Z,8,Inspire 3
2026-04-12T00:28:00Z,14,Inspire 3
2026-04-12T00:29:00Z,53,Inspire 3
2026-04-12T00:30:00Z,36,Inspire 3
2026-04-12T00:31:00Z,14,Inspire 3
2026-04-12T00:32:00Z,28,Inspire 3
2026-04-12T00:33:00Z,52,Inspire 3
2026-04-12T00:34:00Z,32,Inspire 3
2026-04-12T00:36:00Z,7,Inspire 3
2026-04-12T00:38:00Z,57,Inspire 3
2026-04-12T00:39:00Z,17,Inspire 3
2026-04-12T00:40:00Z,57,Inspire 3
2026-04-12T00:41:00Z,8,Inspire 3
2026-04-12T00:44:00Z,7,Inspire 3
2026-04-12T00:45:00Z,31,Inspire 3
2026-04-12T00:46:00Z,6,Inspire 3
2026-04-12T00:47:00Z,14,Inspire 3
2026-04-12T00:48:00Z,9,Inspire 3
2026-04-12T00:49:00Z,5,Inspire 3
2026-04-12T01:32:00Z,9,Inspire 3
2026-04-12T01:33:00Z,24,Inspire 3
2026-04-12T01:34:00Z,25,Inspire 3
2026-04-12T03:01:00Z,11,Inspire 3
2026-04-12T04:15:00Z,15,Inspire 3
2026-04-12T04:16:00Z,3,Inspire 3
2026-04-12T04:23:00Z,10,Inspire 3
2026-04-12T04:25:00Z,7,Inspire 3
2026-04-12T04:28:00Z,24,Inspire 3
2026-04-12T04:29:00Z,16,Inspire 3
2026-04-12T04:50:00Z,19,Inspire 3
2026-04-12T04:52:00Z,4,Inspire 3
2026-04-12T04:53:00Z,12,Inspire 3
2026-04-12T05:04:00Z,10,Inspire 3
2026-04-12T05:07:00Z,18,Inspire 3
2026-04-12T05:51:00Z,6,Inspire 3
2026-04-12T06:06:00Z,9,Inspire 3
2026-04-12T06:12:00Z,8,Inspire 3
2026-04-12T07:20:00Z,8,Inspire 3
2026-04-12T07:21:00Z,20,Inspire 3
2026-04-12T07:22:00Z,22,Inspire 3
2026-04-12T08:13:00Z,5,Inspire 3
2026-04-12T09:22:00Z,9,Inspire 3
2026-04-12T12:38:00Z,20,Inspire 3
2026-04-12T12:39:00Z,18,Inspire 3
2026-04-12T12:40:00Z,35,Inspire 3
2026-04-12T12:41:00Z,20,Inspire 3
2026-04-12T12:45:00Z,33,Inspire 3
2026-04-12T12:50:00Z,8,Inspire 3
2026-04-12T12:51:00Z,9,Inspire 3
2026-04-12T12:52:00Z,19,Inspire 3
2026-04-12T12:53:00Z,56,Inspire 3
2026-04-12T12:54:00Z,10,Inspire 3
2026-04-12T13:01:00Z,76,Inspire 3
2026-04-12T13:02:00Z,7,Inspire 3
2026-04-12T13:52:00Z,22,Inspire 3
2026-04-12T14:03:00Z,46,Inspire 3
2026-04-12T14:12:00Z,10,Inspire 3
2026-04-12T14:25:00Z,5,Inspire 3
2026-04-12T14:27:00Z,17,Inspire 3
2026-04-12T14:29:00Z,55,Inspire 3
2026-04-12T14:30:00Z,51,Inspire 3
2026-04-12T14:36:00Z,12,Inspire 3
2026-04-12T14:37:00Z,50,Inspire 3
2026-04-12T14:38:00Z,47,Inspire 3
2026-04-12T14:39:00Z,29,Inspire 3
2026-04-12T14:40:00Z,6,Inspire 3
2026-04-12T14:41:00Z,7,Inspire 3
2026-04-12T14:46:00Z,4,Inspire 3
2026-04-12T14:51:00Z,9,Inspire 3
2026-04-12T14:59:00Z,11,Inspire 3
2026-04-12T15:01:00Z,11,Inspire 3
2026-04-12T15:02:00Z,12,Inspire 3
2026-04-12T15:05:00Z,6,Inspire 3
2026-04-12T15:06:00Z,21,Inspire 3
2026-04-12T15:08:00Z,12,Inspire 3
2026-04-12T15:09:00Z,20,Inspire 3
2026-04-12T15:10:00Z,37,Inspire 3
2026-04-12T15:12:00Z,9,Inspire 3
2026-04-12T15:13:00Z,8,Inspire 3
2026-04-12T16:27:00Z,10,Inspire 3
2026-04-12T16:28:00Z,16,Inspire 3
2026-04-12T16:30:00Z,5,Inspire 3
2026-04-12T17:00:00Z,8,Inspire 3
2026-04-12T18:04:00Z,10,Inspire 3
2026-04-12T18:08:00Z,9,Inspire 3
2026-04-12T18:10:00Z,13,Inspire 3
2026-04-12T18:12:00Z,4,Inspire 3
2026-04-12T18:13:00Z,8,Inspire 3
2026-04-12T18:14:00Z,11,Inspire 3
2026-04-12T18:21:00Z,31,Inspire 3
2026-04-12T18:36:00Z,11,Inspire 3
2026-04-12T18:59:00Z,6,Inspire 3
2026-04-12T19:04:00Z,4,Inspire 3
2026-04-12T19:07:00Z,16,Inspire 3
2026-04-12T19:27:00Z,7,Inspire 3
2026-04-12T19:32:00Z,9,Inspire 3
2026-04-12T19:46:00Z,6,Inspire 3
2026-04-12T19:49:00Z,4,Inspire 3
2026-04-12T20:01:00Z,4,Inspire 3
2026-04-12T20:13:00Z,25,Inspire 3
2026-04-12T20:16:00Z,9,Inspire 3
2026-04-12T20:17:00Z,16,Inspire 3
2026-04-12T20:18:00Z,21,Inspire 3
2026-04-12T20:19:00Z,32,Inspire 3
2026-04-12T20:20:00Z,8,Inspire 3
2026-04-12T20:28:00Z,9,Inspire 3
2026-04-12T21:30:00Z,8,Inspire 3
2026-04-12T21:41:00Z,18,Inspire 3
2026-04-12T21:43:00Z,27,Inspire 3
2026-04-12T21:44:00Z,17,Inspire 3
2026-04-12T21:45:00Z,26,Inspire 3
2026-04-12T21:46:00Z,8,Inspire 3
2026-04-12T22:08:00Z,17,Inspire 3
2026-04-12T22:20:00Z,4,Inspire 3
2026-04-12T22:24:00Z,22,Inspire 3
2026-04-12T22:28:00Z,23,Inspire 3
2026-04-12T22:31:00Z,12,Inspire 3
2026-04-12T22:33:00Z,12,Inspire 3
2026-04-12T22:43:00Z,11,Inspire 3
2026-04-12T22:49:00Z,6,Inspire 3
2026-04-12T22:55:00Z,20,Inspire 3
2026-04-12T22:57:00Z,5,Inspire 3
2026-04-12T22:59:00Z,10,Inspire 3
2026-04-12T23:00:00Z,7,Inspire 3
2026-04-12T23:06:00Z,31,Inspire 3
2026-04-12T23:07:00Z,18,Inspire 3
2026-04-12T23:12:00Z,4,Inspire 3
2026-04-12T23:15:00Z,8,Inspire 3
2026-04-12T23:19:00Z,7,Inspire 3
2026-04-12T23:30:00Z,7,Inspire 3
2026-04-12T23:33:00Z,9,Inspire 3
2026-04-12T23:35:00Z,36,Inspire 3
2026-04-12T23:36:00Z,40,Inspire 3
2026-04-12T23:37:00Z,15,Inspire 3
2026-04-12T23:38:00Z,28,Inspire 3
2026-04-12T23:39:00Z,12,Inspire 3
2026-04-12T23:55:00Z,7,Inspire 3
2026-04-13T00:49:00Z,13,Inspire 3
2026-04-13T00:57:00Z,7,Inspire 3
2026-04-13T01:06:00Z,7,Inspire 3
2026-04-13T01:47:00Z,10,Inspire 3
2026-04-13T01:48:00Z,16,Inspire 3
2026-04-13T01:50:00Z,36,Inspire 3
2026-04-13T01:52:00Z,47,Inspire 3
2026-04-13T01:55:00Z,9,Inspire 3
2026-04-13T01:56:00Z,27,Inspire 3
2026-04-13T01:57:00Z,12,Inspire 3
2026-04-13T01:58:00Z,14,Inspire 3
2026-04-13T02:32:00Z,8,Inspire 3
2026-04-13T02:43:00Z,11,Inspire 3
2026-04-13T02:44:00Z,7,Inspire 3
2026-04-13T03:32:00Z,25,Inspire 3
2026-04-13T03:33:00Z,37,Inspire 3
2026-04-13T03:34:00Z,13,Inspire 3
2026-04-13T03:44:00Z,19,Inspire 3
2026-04-13T03:53:00Z,9,Inspire 3
2026-04-13T03:54:00Z,11,Inspire 3
2026-04-13T04:09:00Z,6,Inspire 3
2026-04-13T04:23:00Z,8,Inspire 3
2026-04-13T04:42:00Z,17,Inspire 3
2026-04-13T04:46:00Z,9,Inspire 3
2026-04-13T05:14:00Z,23,Inspire 3
2026-04-13T05:15:00Z,8,Inspire 3
2026-04-13T05:18:00Z,20,Inspire 3
2026-04-13T05:19:00Z,7,Inspire 3
2026-04-13T05:36:00Z,4,Inspire 3
2026-04-13T06:41:00Z,26,Inspire 3
2026-04-13T06:42:00Z,7,Inspire 3
2026-04-13T06:43:00Z,22,Inspire 3
2026-04-13T07:11:00Z,4,Inspire 3
2026-04-13T07:12:00Z,2,Inspire 3
2026-04-13T07:15:00Z,7,Inspire 3
2026-04-13T07:19:00Z,8,Inspire 3
2026-04-13T07:49:00Z,4,Inspire 3
2026-04-13T11:05:00Z,4,Inspire 3
2026-04-13T13:10:00Z,11,Inspire 3
2026-04-13T13:13:00Z,20,Inspire 3
2026-04-13T13:16:00Z,13,Inspire 3
2026-04-13T13:17:00Z,12,Inspire 3
2026-04-13T13:20:00Z,7,Inspire 3
2026-04-13T13:21:00Z,9,Inspire 3
2026-04-13T13:22:00Z,17,Inspire 3
2026-04-13T13:23:00Z,7,Inspire 3
2026-04-13T13:24:00Z,8,Inspire 3
2026-04-13T13:25:00Z,5,Inspire 3
2026-04-13T13:26:00Z,16,Inspire 3
2026-04-13T13:27:00Z,30,Inspire 3
2026-04-13T13:28:00Z,2,Inspire 3
2026-04-13T13:30:00Z,22,Inspire 3
2026-04-13T13:31:00Z,20,Inspire 3
2026-04-13T13:32:00Z,19,Inspire 3
2026-04-13T13:33:00Z,6,Inspire 3
2026-04-13T13:34:00Z,22,Inspire 3
2026-04-13T13:35:00Z,22,Inspire 3
2026-04-13T13:36:00Z,6,Inspire 3
2026-04-13T13:39:00Z,8,Inspire 3
2026-04-13T13:40:00Z,39,Inspire 3
2026-04-13T14:07:00Z,15,Inspire 3
2026-04-13T14:08:00Z,30,Inspire 3
2026-04-13T14:12:00Z,37,Inspire 3
2026-04-13T14:13:00Z,23,Inspire 3
2026-04-13T14:14:00Z,35,Inspire 3
2026-04-13T14:15:00Z,51,Inspire 3
2026-04-13T14:16:00Z,44,Inspire 3
2026-04-13T14:17:00Z,21,Inspire 3
2026-04-13T14:19:00Z,90,Inspire 3
2026-04-13T14:20:00Z,35,Inspire 3
2026-04-13T14:21:00Z,35,Inspire 3
2026-04-13T14:22:00Z,10,Inspire 3
2026-04-13T14:31:00Z,82,Inspire 3
2026-04-13T14:32:00Z,41,Inspire 3
2026-04-13T14:33:00Z,17,Inspire 3
2026-04-13T14:34:00Z,26,Inspire 3
2026-04-13T14:35:00Z,63,Inspire 3
2026-04-13T14:36:00Z,47,Inspire 3
2026-04-13T14:37:00Z,46,Inspire 3
2026-04-13T14:38:00Z,17,Inspire 3
2026-04-13T14:40:00Z,9,Inspire 3
2026-04-13T14:41:00Z,27,Inspire 3
2026-04-13T14:58:00Z,54,Inspire 3
2026-04-13T14:59:00Z,63,Inspire 3
2026-04-13T15:00:00Z,81,Inspire 3
2026-04-13T15:01:00Z,45,Inspire 3
2026-04-13T15:02:00Z,24,Inspire 3
2026-04-13T15:03:00Z,20,Inspire 3
2026-04-13T15:04:00Z,29,Inspire 3
2026-04-13T15:05:00Z,29,Inspire 3
2026-04-13T15:06:00Z,43,Inspire 3
2026-04-13T15:07:00Z,6,Inspire 3
2026-04-13T15:09:00Z,8,Inspire 3
2026-04-13T15:13:00Z,7,Inspire 3
2026-04-13T15:16:00Z,8,Inspire 3
2026-04-13T15:19:00Z,5,Inspire 3
2026-04-13T15:25:00Z,5,Inspire 3
2026-04-13T15:26:00Z,5,Inspire 3
2026-04-13T15:27:00Z,6,Inspire 3
2026-04-13T15:51:00Z,57,Inspire 3
2026-04-13T15:53:00Z,24,Inspire 3
2026-04-13T15:55:00Z,41,Inspire 3
2026-04-13T15:56:00Z,44,Inspire 3
2026-04-13T15:57:00Z,22,Inspire 3
2026-04-13T16:01:00Z,49,Inspire 3
2026-04-13T16:02:00Z,51,Inspire 3
2026-04-13T16:58:00Z,35,Inspire 3
2026-04-13T17:13:00Z,5,Inspire 3
2026-04-13T17:52:00Z,7,Inspire 3
2026-04-13T17:57:00Z,15,Inspire 3
2026-04-13T17:58:00Z,14,Inspire 3
2026-04-13T17:59:00Z,9,Inspire 3
2026-04-13T18:00:00Z,17,Inspire 3
2026-04-13T18:07:00Z,8,Inspire 3
2026-04-13T18:18:00Z,29,Inspire 3
2026-04-13T18:19:00Z,8,Inspire 3
2026-04-13T18:25:00Z,11,Inspire 3
2026-04-13T18:26:00Z,17,Inspire 3
2026-04-13T18:28:00Z,14,Inspire 3
2026-04-13T18:58:00Z,18,Inspire 3
2026-04-13T18:59:00Z,27,Inspire 3
2026-04-13T19:00:00Z,20,Inspire 3
2026-04-13T19:42:00Z,8,Inspire 3
2026-04-13T19:44:00Z,12,Inspire 3
2026-04-13T19:45:00Z,48,Inspire 3
2026-04-13T19:46:00Z,18,Inspire 3
2026-04-13T19:47:00Z,10,Inspire 3
2026-04-13T19:48:00Z,13,Inspire 3
2026-04-13T19:49:00Z,23,Inspire 3
2026-04-13T19:50:00Z,16,Inspire 3
2026-04-13T19:51:00Z,8,Inspire 3
2026-04-13T19:52:00Z,10,Inspire 3
2026-04-13T20:12:00Z,9,Inspire 3
2026-04-13T20:42:00Z,12,Inspire 3
2026-04-13T21:38:00Z,32,Inspire 3
2026-04-13T21:39:00Z,7,Inspire 3
2026-04-13T21:40:00Z,6,Inspire 3
2026-04-13T21:41:00Z,39,Inspire 3
2026-04-13T21:47:00Z,7,Inspire 3
2026-04-13T21:48:00Z,6,Inspire 3
2026-04-13T21:59:00Z,11,Inspire 3
2026-04-13T22:07:00Z,6,Inspire 3
2026-04-13T22:22:00Z,17,Inspire 3
2026-04-13T22:47:00Z,11,Inspire 3
2026-04-13T22:48:00Z,5,Inspire 3
2026-04-13T22:55:00Z,16,Inspire 3
2026-04-13T22:57:00Z,19,Inspire 3
2026-04-13T22:58:00Z,44,Inspire 3
2026-04-13T22:59:00Z,4,Inspire 3
2026-04-13T23:04:00Z,4,Inspire 3
2026-04-13T23:46:00Z,6,Inspire 3
2026-04-13T23:53:00Z,9,Inspire 3
2026-04-13T23:54:00Z,9,Inspire 3
2026-04-13T23:56:00Z,26,Inspire 3
2026-04-13T23:58:00Z,27,Inspire 3
2026-04-13T23:59:00Z,26,Inspire 3
2026-04-14T00:00:00Z,22,Inspire 3
2026-04-14T00:01:00Z,27,Inspire 3
2026-04-14T00:02:00Z,15,Inspire 3
2026-04-14T00:04:00Z,10,Inspire 3
2026-04-14T00:05:00Z,27,Inspire 3
2026-04-14T00:06:00Z,44,Inspire 3
2026-04-14T00:10:00Z,77,Inspire 3
2026-04-14T00:11:00Z,92,Inspire 3
2026-04-14T00:12:00Z,79,Inspire 3
2026-04-14T00:13:00Z,74,Inspire 3
2026-04-14T00:14:00Z,88,Inspire 3
2026-04-14T00:15:00Z,88,Inspire 3
2026-04-14T00:16:00Z,62,Inspire 3
2026-04-14T00:17:00Z,93,Inspire 3
2026-04-14T00:18:00Z,95,Inspire 3
2026-04-14T00:19:00Z,89,Inspire 3
2026-04-14T00:20:00Z,55,Inspire 3
2026-04-14T00:21:00Z,33,Inspire 3
2026-04-14T00:22:00Z,33,Inspire 3
2026-04-14T00:23:00Z,45,Inspire 3
2026-04-14T00:24:00Z,44,Inspire 3
2026-04-14T00:30:00Z,7,Inspire 3
2026-04-14T00:35:00Z,6,Inspire 3
2026-04-14T00:41:00Z,48,Inspire 3
2026-04-14T00:42:00Z,63,Inspire 3
2026-04-14T00:43:00Z,84,Inspire 3
2026-04-14T00:44:00Z,83,Inspire 3
2026-04-14T00:45:00Z,96,Inspire 3
2026-04-14T00:46:00Z,76,Inspire 3
2026-04-14T00:47:00Z,87,Inspire 3
2026-04-14T00:48:00Z,63,Inspire 3
2026-04-14T00:49:00Z,75,Inspire 3
2026-04-14T00:50:00Z,90,Inspire 3
2026-04-14T00:51:00Z,42,Inspire 3
2026-04-14T00:52:00Z,34,Inspire 3
2026-04-14T00:53:00Z,8,Inspire 3
2026-04-14T00:54:00Z,15,Inspire 3
2026-04-14T01:01:00Z,16,Inspire 3
2026-04-14T01:34:00Z,7,Inspire 3
2026-04-14T02:42:00Z,6,Inspire 3
2026-04-14T03:03:00Z,18,Inspire 3
2026-04-14T03:10:00Z,7,Inspire 3
2026-04-14T03:11:00Z,9,Inspire 3
2026-04-14T03:12:00Z,13,Inspire 3
2026-04-14T03:13:00Z,13,Inspire 3
2026-04-14T03:15:00Z,13,Inspire 3
2026-04-14T03:16:00Z,11,Inspire 3
2026-04-14T03:17:00Z,21,Inspire 3
2026-04-14T03:21:00Z,29,Inspire 3
2026-04-14T03:23:00Z,8,Inspire 3
2026-04-14T04:14:00Z,5,Inspire 3
2026-04-14T04:15:00Z,4,Inspire 3
2026-04-14T04:31:00Z,5,Inspire 3
2026-04-14T05:10:00Z,8,Inspire 3
2026-04-14T05:43:00Z,17,Inspire 3
2026-04-14T05:48:00Z,6,Inspire 3
2026-04-14T06:10:00Z,17,Inspire 3
2026-04-14T06:11:00Z,3,Inspire 3
2026-04-14T06:14:00Z,8,Inspire 3
2026-04-14T06:15:00Z,15,Inspire 3
2026-04-14T06:16:00Z,18,Inspire 3
2026-04-14T06:18:00Z,10,Inspire 3
2026-04-14T07:44:00Z,7,Inspire 3
2026-04-14T07:48:00Z,19,Inspire 3
2026-04-14T07:49:00Z,20,Inspire 3
2026-04-14T07:50:00Z,23,Inspire 3
2026-04-14T07:51:00Z,25,Inspire 3
2026-04-14T08:27:00Z,6,Inspire 3
2026-04-14T13:40:00Z,19,Inspire 3
2026-04-14T13:41:00Z,12,Inspire 3
2026-04-14T13:42:00Z,10,Inspire 3
2026-04-14T13:44:00Z,11,Inspire 3
2026-04-14T13:46:00Z,12,Inspire 3
2026-04-14T13:48:00Z,11,Inspire 3
2026-04-14T13:51:00Z,31,Inspire 3
2026-04-14T13:52:00Z,12,Inspire 3
2026-04-14T13:53:00Z,21,Inspire 3
2026-04-14T13:54:00Z,16,Inspire 3
2026-04-14T13:55:00Z,93,Inspire 3
2026-04-14T13:56:00Z,106,Inspire 3
2026-04-14T13:57:00Z,107,Inspire 3
2026-04-14T13:58:00Z,65,Inspire 3
2026-04-14T14:03:00Z,5,Inspire 3
2026-04-14T14:04:00Z,13,Inspire 3
2026-04-14T14:27:00Z,6,Inspire 3
2026-04-14T15:18:00Z,4,Inspire 3
2026-04-14T15:28:00Z,14,Inspire 3
2026-04-14T15:29:00Z,36,Inspire 3
2026-04-14T15:31:00Z,10,Inspire 3
2026-04-14T15:40:00Z,8,Inspire 3
2026-04-14T15:51:00Z,28,Inspire 3
2026-04-14T15:52:00Z,79,Inspire 3
2026-04-14T15:53:00Z,79,Inspire 3
2026-04-14T15:54:00Z,70,Inspire 3
2026-04-14T15:55:00Z,100,Inspire 3
2026-04-14T15:56:00Z,113,Inspire 3
2026-04-14T15:57:00Z,81,Inspire 3
2026-04-14T15:58:00Z,10,Inspire 3
2026-04-14T16:07:00Z,54,Inspire 3
2026-04-14T16:08:00Z,23,Inspire 3
2026-04-14T16:10:00Z,32,Inspire 3
2026-04-14T16:11:00Z,7,Inspire 3
2026-04-14T16:26:00Z,10,Inspire 3
2026-04-14T16:27:00Z,7,Inspire 3
2026-04-14T16:28:00Z,25,Inspire 3
2026-04-14T16:29:00Z,65,Inspire 3
2026-04-14T16:30:00Z,72,Inspire 3
2026-04-14T16:31:00Z,96,Inspire 3
2026-04-14T16:32:00Z,81,Inspire 3
2026-04-14T16:33:00Z,39,Inspire 3
2026-04-14T16:34:00Z,38,Inspire 3
2026-04-14T16:35:00Z,69,Inspire 3
2026-04-14T16:36:00Z,45,Inspire 3
2026-04-14T16:45:00Z,35,Inspire 3
2026-04-14T16:46:00Z,45,Inspire 3
2026-04-14T16:47:00Z,9,Inspire 3
2026-04-14T16:59:00Z,15,Inspire 3
2026-04-14T17:00:00Z,14,Inspire 3
2026-04-14T17:01:00Z,29,Inspire 3
2026-04-14T17:13:00Z,33,Inspire 3
2026-04-14T17:15:00Z,14,Inspire 3
2026-04-14T17:16:00Z,21,Inspire 3
2026-04-14T17:26:00Z,4,Inspire 3
2026-04-14T17:27:00Z,7,Inspire 3
